Sample_ID,id,Lon,Lat,EC,b1,b2,b3,b4,b5,b6,b7,b8,b9,b10,b11,b12,b13,b14,b15,b16,b17,b18,b19,b20,b21,b22,b23,b24,b25,b26,b27,b28,b29,b30,b31,b32,b33,b34,b35,b36,b37,b38,b39,b40,b41,b42,b43,b44,b45,b46,b47,b48,b49,b50,b51,b52,b53,b54,b55,b56,b57,b58,b59,b60,b61,b62,b63,b64,b65,b66,b67,b68,b69,b70,b71,b72,b73,b74,b75,b76,b77,b78,b79,b80,b81,b82,b83,b84,b85,b86,b87,b88,b89,b90,b91,b92,b93,b94,b95,b96,b97,b98,b99,b100,b101,b102,b103,b104,b105,b106,b107,b108,b109,b110,b111,b112,b113,b114,b115,b116,b117,b118,b119,b120,b121,b122,b123,b124,b125,b126,b127,b128,b129,b130,b131,b132,b133,b134,b135,b136,b137,b138,b139,b140,b141,b142,b143,b144,b145,b146,b147,b148,b149,b150,b151,b152,b153,b154,b155,b156,b157,b158,b159,b160,b161,b162,b163,b164,TS
34,38,79.900907,37.278524,2.14,0,0,0,0.0,0.0,4.311139565,13.6056338,26.33978873,154.6826184,326.2637644,494.1077145,574.2013444,615.728233,654.1446863,693.2098271,728.3165813,748.6402049,770.7147887,793.2877721,820.7916133,847.478073,875.231274,902.3450704,925.5065621,948.346991,1001.71911,1098.25064,1192.827625,1243.667254,1253.06178,1263.622119,1278.294174,1293.257362,1304.945583,1317.372439,1328.744398,1349.489597,1371.007362,1391.914373,1415.002721,1437.672695,1456.635563,1475.072503,1492.940621,1511.567061,1529.786812,1544.211108,1558.606754,1575.701504,1592.919654,1597.881562,1596.699584,1614.316741,1686.93774,1756.961428,1807.300416,1844.445262,1881.037132,1904.703105,1927.34459,1949.268246,1985.685179,2023.71975,2053.696863,2083.815461,2107.84347,2121.429257,2135.49888,2157.524488,2183.683579,2209.272727,2216.861556,2223.857554,2246.752081,2272.086428,2297.204065,2336.375,2375.49904,2400.109315,2418.870038,2439.022247,2462.461268,2485.77993,2512.917734,2542.924456,2562.556818,2544.306818,2525.767125,2534.662772,2547.78041,2562.490397,2581.629962,2599.96991,2618.077145,2646.523047,2672.50048,2693.334507,2713.945583,2710.246159,2683.955666,2682.713988,2707.051697,2733.34219,2729.358995,2717.131882,2711.728553,2724.347471,2707.022887,2673.636524,2648.254161,2662.46911,2683.31386,2704.712228,2717.670615,2722.252561,2730.81226,2785.282971,2839.452305,2888.841709,2931.15653,2966.904449,2984.799936,3003.538252,3019.416453,3019.195423,3020.471831,3020.837708,3025.588988,3061.338508,3136.882042,3176.982875,3168.191261,3168.12356,3201.619078,3224.974552,3164.052497,3093.755922,3044.341069,3043.721031,3042.761204,3035.075864,3017.650608,3000.951504,2982.832266,2958.143406,2870.233515,2746.527529,2638.18694,2594.319462,2545.721831,2486.06242,2298.674776,2234.233675,2347.290333,2448.389085,2413.050896,2375.788892,2342.364597,2355.417574,2376.273367,2353.316421,2258.176376,2169.052497,2145.737836,8.875
1,1,79.899237,37.278093,1.374,0,0,0,0.0,0.0,0.411774015,3.179617028,8.204304479,96.05111568,208.0229467,320.4597246,399.9357493,467.136414,499.3438835,517.0110777,534.7276468,554.3739516,573.3813895,588.7968033,598.7439468,610.8716569,627.5610065,643.4984966,656.80978,669.5459725,703.9006172,774.0436778,843.520652,884.2285172,896.1596772,906.7406235,913.7043836,920.0427283,932.7314448,950.6469378,966.5864852,981.2796329,995.9457193,1006.528565,1014.886058,1024.696946,1043.556892,1062.085931,1073.933376,1079.065833,1086.418895,1108.486469,1130.093053,1137.051432,1136.82972,1150.79348,1172.20921,1209.377433,1279.673366,1347.152398,1381.381073,1398.933376,1418.174395,1446.081025,1473.691565,1502.337395,1519.984175,1537.062035,1565.482038,1594.172654,1617.244342,1632.029435,1646.279633,1669.105238,1698.830669,1727.232948,1746.906156,1767.100332,1771.866276,1775.523026,1783.613072,1808.065833,1832.512898,1850.243076,1866.397056,1883.509891,1926.221871,1969.241494,1999.43029,2021.447856,2040.801709,2049.217756,2057.126128,2080.328216,2105.739199,2133.595664,2167.81247,2203.565912,2230.211742,2242.354961,2261.253205,2287.9185,2314.51179,2322.00633,2314.696313,2316.702959,2327.692515,2338.848552,2348.289128,2358.733819,2363.963127,2364.319671,2351.7047,2331.011869,2318.405919,2354.006488,2397.400538,2439.294034,2464.11505,2471.106029,2485.44833,2545.42665,2604.824181,2645.414148,2676.625574,2703.584428,2723.997626,2744.751385,2767.008704,2799.969457,2828.687292,2846.843963,2865.462731,2888.831302,2913.081342,2931.377433,2944.069473,2958.013768,2972.906947,2978.937648,2931.966767,2882.413198,2861.595664,2898.688084,2930.978794,2956.348789,2979.828454,2997.548346,3011.646147,3018.592024,2950.391676,2840.884475,2744.979427,2687.247349,2629.44026,2567.489476,2552.899509,2563.526982,2591.108561,2617.463681,2614.22551,2608.951575,2598.212692,2576.444532,2548.553885,2493.297041,2406.170755,2327.454344,2310.076753,1.65
29,33,79.899473,37.279028,1.639,0,0,0,0.0,0.0,0.0,0.0,1.572183099,87.93870038,192.4210948,295.7535211,393.75,490.1110755,521.584347,529.6040333,536.7162292,546.1680538,555.9742318,573.1394046,596.0769846,618.9897567,635.9611076,651.2568822,665.1171575,679.1341229,717.2802497,789.7599232,861.1789373,900.5462548,912.5054417,922.5171255,927.4596671,932.3660371,932.0944302,929.365717,929.7064661,955.7765685,983.2099872,992.7464789,996.4018886,1000.029449,1003.191261,1006.934539,1020.035531,1037.653009,1054.931338,1067.785851,1080.722151,1099.822023,1120.336748,1124.596191,1124.615717,1144.908451,1198.87516,1250.128041,1290.394046,1327.251601,1362.081626,1381.783771,1401.019686,1420.408771,1433.823143,1447.288892,1462.391485,1478.542734,1499.314501,1525.475352,1553.660851,1575.926857,1595.354353,1610.690941,1616.060339,1620.432618,1645.338188,1670.297695,1696.887644,1719.46927,1740.326665,1755.361076,1768.93662,1784.06322,1808.931978,1833.859795,1855.68662,1875.643086,1894.587388,1913.006082,1929.082266,1928.131722,1927.212228,1927.709987,1965.433899,2003.668374,2034.107074,2047.753521,2060.53137,2069.458067,2078.549296,2084.866517,2090.991997,2107.577465,2128.384443,2150.471351,2152.12484,2152.572983,2141.818502,2125.895327,2110.196383,2095.269846,2085.455826,2122.984155,2159.632042,2195.697823,2233.877881,2275.483995,2312.756242,2341.100352,2371.232714,2398.948784,2423.927177,2451.175256,2479.197343,2507.414052,2528.960307,2532.087868,2539.90573,2559.042093,2581.644686,2634.347471,2708.013924,2725.492478,2688.118918,2663.974072,2674.351312,2678.823303,2636.946223,2596.025448,2573.977593,2590.03185,2607.954545,2665.232554,2724.09235,2705.209507,2671.350032,2635.059859,2519.611396,2373.635563,2269.785051,2252.847151,2233.559699,2203.191101,2014.871959,1969.869078,2013.828745,2046.298656,2042.28041,2038.288252,2038.210467,2086.37404,2130.335147,2082.014085,1976.837708,1880.612356,1879.71927,1.45
49,53,79.900938,37.278982,1.725,0,0,0,0.0,0.0,1.161011524,8.680377721,18.63044174,133.7013444,277.7456786,420.8413892,519.7023047,602.3385083,639.0632202,653.8898848,672.6080346,699.6432458,726.7855314,757.9871959,793.6888604,829.1861396,839.6674136,850.2207106,879.5112036,912.4242958,967.6101152,1058.668534,1149.334667,1196.658131,1200.414533,1204.970871,1215.986236,1226.702145,1237.59283,1248.319462,1259.441741,1271.183259,1282.096351,1301.644046,1323.389245,1343.979994,1357.93646,1371.90653,1385.759123,1402.557298,1420.348752,1440.361876,1459.677657,1478.825384,1497.454065,1510.588508,1523.335147,1550.771607,1607.929257,1664.84395,1702.065941,1733.706626,1764.202305,1789.403649,1815.544174,1840.352913,1858.977913,1878.006082,1899.350192,1919.75064,1941.24968,1961.172375,1981.114277,1993.210467,2001.399968,2013.596191,2048.547055,2083.817061,2097.206946,2107.978553,2121.009443,2144.15717,2168.467029,2189.873239,2209.444302,2230.214469,2236.046415,2240.911652,2257.223752,2281.794334,2302.255762,2301.643726,2299.759763,2319.729673,2340.236236,2363.109475,2379.487676,2396.018726,2411.419814,2424.034251,2433.004481,2438.304577,2443.146447,2458.721031,2481.695743,2495.869558,2505.810019,2516.460787,2518.171255,2517.0637,2513.84267,2506.490237,2481.903649,2451.980474,2425.399648,2463.695262,2505.649808,2546.382202,2572.277529,2586.817862,2605.190301,2641.808099,2679.383483,2703.488636,2723.071063,2741.399968,2757.610275,2773.107394,2790.131402,2806.956786,2821.131082,2830.370679,2844.610435,2886.476953,2958.139085,2987.673496,2957.491197,2934.696703,2927.307778,2911.962548,2855.631882,2796.793694,2763.824744,2806.956146,2850.6242,2874.393886,2887.387324,2878.534411,2859.525128,2837.705026,2733.256402,2586.536972,2465.533611,2427.612516,2385.818182,2335.984475,2123.542894,2098.948464,2263.922055,2390.242157,2309.214149,2229.118598,2150.12644,2202.043054,2266.503361,2259.520166,2179.274648,2104.183259,2095.816421,8.2
12,12,79.899969,37.278074,0.873,0,0,0,0.0,0.0,0.0,0.0,0.0,45.44025974,106.661039,168.1441558,241.8112013,320.2857143,365.9993506,394.2272727,417.9714286,428.4225649,440.0167208,453.5667208,470.5073052,486.2732143,502.9300325,519.1917208,536.9366883,555.9199675,590.2741883,654.6553571,717.6175325,749.6649351,747.7456169,747.299513,758.2150974,768.5180195,777.8063312,787.3925325,796.7603896,813.3560065,830.250487,837.0357143,840.5162338,844.0423701,860.1844156,877.6876623,890.5012987,901.3621753,911.3371753,925.0258117,939.2288961,954.4051948,968.7969156,975.9128247,978.6814935,1000.144318,1070.44724,1141.161201,1176.683604,1198.467695,1220.163799,1243.686039,1266.465909,1290.728734,1305.922727,1320.098214,1346.658117,1371.868506,1398.025812,1421.692045,1444.120942,1469.92224,1496.166558,1520.407955,1530.10487,1539.489448,1566.370779,1594.609578,1621.32776,1635.15763,1649.28961,1668.029383,1688.117532,1708.730195,1735.424188,1761.203409,1783.138636,1802.105844,1822.742532,1854.401461,1885.116396,1900.698539,1914.362013,1929.493344,1967.182305,2008.962175,2038.919318,2036.586201,2045.709253,2069.237013,2091.351136,2101.468506,2099.931006,2118.593344,2152.275162,2185.997078,2182.691883,2177.930357,2179.863474,2191.671753,2180.350325,2159.526786,2139.175487,2168.375487,2200.267532,2232.814773,2270.118019,2313.511851,2352.704221,2371.098539,2389.373214,2412.862175,2438.33263,2465.915097,2496.338799,2526.456331,2556.157468,2580.867532,2601.993831,2610.828896,2620.5875,2647.805844,2695.587175,2721.755682,2713.748701,2709.329058,2717.568831,2723.083279,2671.97289,2611.125487,2574.922403,2617.980195,2662.180195,2701.075,2737.782305,2725.828571,2694.230682,2661.075974,2557.37224,2418.674026,2303.523864,2276.07289,2249.10211,2217.816071,2141.032143,2105.840584,2115.301786,2124.645942,2131.622078,2138.768994,2144.237175,2133.030195,2118.810714,2056.893669,1942.371916,1828.964123,1817.041883,3.875
44,48,79.899641,37.27955,0.352,0,0,0,0.0,0.0,0.163633486,1.560373477,7.820857731,103.4396265,217.7281215,331.6716253,430.3543282,526.9164425,550.6664029,550.0468429,557.1910112,580.7974363,604.3418262,624.4861529,640.399905,655.6645039,678.0822915,700.2745688,713.8795696,727.06884,765.8806773,842.329799,916.1611014,959.4396265,975.4037031,989.1607849,991.2098433,994.0235797,1004.734135,1018.834942,1032.153822,1044.071372,1056.238804,1071.613072,1089.143061,1102.368096,1101.295616,1099.464947,1109.205254,1126.463681,1143.931951,1164.150182,1183.745371,1219.21918,1258.845387,1251.874347,1236.081658,1251.906156,1320.553094,1387.38044,1435.258743,1476.686818,1514.338503,1526.641399,1538.86501,1551.521127,1573.896344,1596.060136,1605.07153,1613.670676,1632.008071,1663.880361,1695.747112,1727.373002,1757.919608,1780.789682,1779.213008,1777.358759,1813.150657,1849.41573,1882.337553,1905.282798,1927.312391,1935.730337,1939.633486,1945.365881,1973.147175,2000.250673,2027.173129,2054.547397,2076.263016,2087.76721,2097.762621,2099.850609,2101.161418,2104.037348,2153.868967,2206.112201,2239.717993,2243.966925,2250.189745,2256.945878,2262.383447,2278.394208,2301.581896,2319.546289,2335.749486,2354.368254,2378.316664,2400.906156,2385.446748,2347.276943,2319.882576,2294.805507,2276.929736,2329.491059,2381.217914,2433.069315,2480.161418,2525.556892,2563.530305,2583.33154,2602.921981,2625.238487,2648.264757,2673.846969,2703.796487,2732.846653,2754.796487,2758.513056,2763.949834,2774.658332,2788.439152,2850.541225,2951.044786,2977.799494,2931.725906,2903.464947,2923.992562,2941.385504,2878.794429,2815.163159,2784.385029,2809.776863,2836.419687,2887.032758,2937.581263,2926.552936,2906.664979,2885.416838,2766.676215,2617.725115,2520.652951,2517.903149,2513.41668,2486.308118,2215.169331,2226.877671,2389.207628,2488.175819,2425.116474,2362.432822,2303.229941,2356.63048,2406.922931,2369.46463,2281.905048,2198.796012,2199.44833,2.1
67,71,79.901571,37.279344,2.73,0,0,0,1.848591549,4.095230474,45.08786812,166.6597311,293.1867798,477.1403649,674.2349552,862.9151729,952.2391165,1012.079866,1044.432778,1064.662932,1086.975992,1118.548496,1150.345711,1180.245198,1205.841709,1232.986716,1260.739437,1289.683419,1321.413092,1353.851152,1415.368278,1518.222951,1619.552337,1672.103713,1676.170775,1680.326344,1686.06162,1691.489757,1709.203105,1732.415493,1754.395006,1763.653969,1771.879962,1785.100832,1798.945423,1814.642125,1837.774168,1861.589469,1875.283771,1880.507042,1889.591389,1914.846351,1940.739117,1969.831946,1998.288412,2007.070743,2007.850672,2032.628681,2101.117798,2166.25112,2212.865077,2253.575064,2292.600672,2317.893246,2342.516485,2367.141005,2379.206466,2390.139885,2419.879001,2449.994078,2472.331466,2480.274648,2486.919814,2506.717029,2535.15525,2561.15669,2570.275608,2578.116517,2591.901889,2604.823944,2620.461268,2642.007042,2664.337708,2681.730154,2697.297535,2710.78137,2701.692061,2691.767926,2691.120519,2699.15509,2710.12404,2730.048656,2749.363476,2750.350192,2749.704866,2750.423335,2773.040013,2799.09283,2815.894686,2813.653169,2814.546575,2823.439501,2828.560179,2829.435019,2823.400128,2825.698143,2837.871159,2850.600992,2850.18822,2847.274328,2836.439821,2815.670455,2777.304898,2736.661172,2707.833067,2732.551376,2760.221671,2786.324264,2812.15637,2841.182939,2870.223592,2881.8137,2892.148848,2907.262324,2926.208387,2946.852593,2972.928617,2998.828745,3019.175896,3008.564981,3000.201985,2999.679738,3010.9371,3061.754962,3151.859635,3172.683099,3091.783611,3025.333547,3027.014565,3014.276889,2941.717029,2862.496959,2816.157971,2846.056818,2872.631722,2915.207426,2966.518886,2958.3121,2921.18598,2871.881082,2775.474392,2653.212388,2549.888924,2503.103233,2452.513764,2390.145327,2220.769366,2174.661652,2257.49952,2310.579065,2265.535691,2223.515045,2194.993118,2249.524488,2306.383643,2301.855954,2229.734155,2162.40765,2154.088508,11.8
17,18,79.899565,37.278535,0.402,0,0,0,0.0,0.0,0.010243278,0.242637644,0.702944942,79.30921895,188.5881882,297.7027849,362.993598,406.7098271,440.1174776,469.4138924,493.6203585,504.7596031,514.9747119,527.8610755,542.2243918,556.3026569,579.4290973,602.6298015,614.1930218,622.7597631,657.6782971,730.0227273,802.1819782,840.2243918,844.0192061,848.7426376,856.6782971,864.3509923,869.7716069,874.3626761,878.793854,896.0670615,913.5617798,925.7853713,935.4743918,947.2770487,963.5144046,981.1073944,994.8919654,1007.732875,1018.443342,1025.446863,1032.869238,1040.090269,1048.358195,1056.304738,1065.207746,1090.088348,1164.224872,1236.600832,1274.845391,1294.448303,1313.671895,1334.471511,1355.020967,1377.049776,1407.212868,1438.916293,1468.699424,1497.355954,1520.643086,1529.277209,1538.658931,1557.314981,1583.541613,1607.240557,1620.806818,1633.059539,1654.607074,1676.543694,1699.122919,1731.518246,1764.290493,1783.059539,1797.621319,1813.951985,1856.345711,1897.618918,1930.746639,1959.682458,1980.207266,1971.056338,1959.902209,1968.271127,1979.199104,1991.172055,2028.330826,2068.633163,2101.15509,2113.902049,2132.159731,2156.733675,2180.830346,2184.865877,2171.332106,2177.006722,2199.158771,2222.325064,2219.629481,2214.201184,2221.825544,2254.943502,2256.994878,2242.865557,2231.476953,2254.173656,2281.761364,2308.65573,2328.939821,2342.53201,2360.877241,2400.834827,2440.757682,2482.501601,2525.989437,2565.213828,2593.96959,2622.599552,2649.277049,2668.671255,2687.40701,2699.645006,2713.325224,2744.388604,2795.598592,2831.256722,2855.082907,2883.618758,2928.25144,2968.198944,2912.431178,2844.049296,2798.330986,2800.516805,2802.794654,2821.245999,2844.857875,2838.78217,2820.178777,2797.040653,2717.502401,2612.088028,2522.236556,2485.403169,2446.737196,2401.46831,2252.819782,2214.290013,2316.24952,2404.994238,2382.547375,2358.871319,2333.888444,2348.330346,2370.636044,2347.705346,2262.582106,2179.576665,2161.923656,2.4
56,60,79.900602,37.279508,2.07,0,0,0,0.0,0.0,2.437094477,22.98053489,46.35147966,178.5277734,356.5929736,530.6376009,607.4855199,634.655167,664.7186264,697.235322,725.9139104,742.576357,758.4695363,775.3411932,793.5345783,810.6969457,831.8395316,854.3616078,869.0914702,880.9393891,919.0330749,1012.015034,1104.114259,1165.542016,1188.489634,1210.470802,1217.337079,1223.447381,1237.721475,1258.625099,1277.418895,1298.594714,1319.24276,1332.540908,1342.410191,1351.756765,1362.71198,1374.080551,1388.368887,1405.948251,1425.356227,1456.830828,1487.381231,1501.933217,1497.990505,1507.166799,1528.702326,1564.842064,1644.090362,1722.199399,1772.097326,1800.067257,1828.486153,1861.417788,1896.055389,1930.190853,1956.152872,1979.71736,2000.727489,2021.989239,2047.863744,2089.94113,2131.50087,2164.131825,2185.358759,2207.184681,2231.508467,2256.415889,2279.938914,2303.995094,2327.326792,2365.843013,2403.748536,2416.694888,2415.544706,2413.676215,2442.39405,2475.774173,2519.941446,2576.984966,2629.289761,2638.717202,2646.914543,2660.831461,2676.640133,2694.02532,2719.381073,2747.671309,2773.490426,2795.900775,2815.33692,2827.612439,2838.195442,2840.141636,2828.863111,2838.31793,2878.659123,2921.507201,2929.133882,2925.766893,2919.839057,2926.42665,2918.807248,2900.841272,2887.459883,2910.868017,2948.710081,2984.579047,3018.582054,3049.774648,3082.417788,3101.796962,3121.28533,3150.336129,3188.169964,3222.768634,3243.197341,3262.727963,3281.816268,3288.658965,3296.780503,3311.475075,3334.530464,3382.075803,3490.427916,3560.125495,3523.202405,3494.49818,3488.273936,3471.395316,3416.005855,3345.631113,3290.13863,3331.732869,3373.125178,3403.322994,3422.519702,3425.502295,3413.470486,3394.078968,3319.134357,3174.654376,3037.372369,3046.44026,3052.09416,3034.15129,2910.777338,2824.721633,2921.861845,3003.669726,2951.21649,2886.039721,2832.935275,2866.247508,2941.486311,2974.81975,2888.016933,2806.421111,2776.031651,8.725
15,16,79.89913,37.278574,0.26,0,0,0,0.0,0.0,0.031175819,0.338819433,10.86659282,99.80756449,196.5133724,291.1449596,335.5940813,373.2297832,404.3590758,433.8919133,452.6192436,465.1178984,477.4382022,487.8096218,498.2345308,511.5329957,527.1235955,541.2457667,555.4620984,571.8887482,622.1876879,687.1087197,747.4687451,772.330432,787.6635544,796.3101757,797.7865169,798.5016617,811.002532,824.9631271,839.6203513,855.6567495,872.4821966,874.0724798,875.0382972,883.8308277,903.5310967,921.6382339,932.1000158,940.805982,948.2973572,953.5747745,958.6489951,970.2055705,980.8790948,995.1433771,1014.314923,1058.438994,1115.283431,1166.702959,1186.555784,1206.168856,1225.483146,1245.580313,1265.385188,1289.181833,1319.890647,1351.328375,1377.311758,1402.772432,1423.425067,1441.852825,1459.607058,1485.619718,1513.363349,1537.191328,1555.227093,1571.185156,1579.280741,1587.050008,1610.426333,1646.020889,1674.81611,1680.737617,1688.193702,1710.303371,1748.37142,1781.299414,1806.918975,1831.972622,1844.619085,1848.285488,1859.101757,1885.034816,1911.692673,1941.44295,1970.716569,1997.589017,2016.988764,2035.561323,2047.801234,2059.794429,2065.969299,2058.687609,2051.003798,2067.639183,2085.842538,2107.128185,2129.203671,2142.165374,2126.267289,2100.554835,2076.815319,2063.322678,2081.052065,2126.543124,2169.581738,2207.065991,2236.341668,2266.51543,2294.728913,2323.764045,2359.679696,2405.965184,2446.706283,2471.82244,2493.368571,2516.015034,2539.932584,2562.327425,2585.683336,2612.689191,2648.408767,2685.752018,2707.472385,2721.631113,2740.469695,2754.990663,2752.100174,2724.72195,2680.359867,2655.445007,2673.976579,2705.274094,2731.333914,2737.687134,2741.564172,2752.893021,2758.983225,2732.206837,2617.383922,2490.867701,2430.805824,2391.557683,2337.199557,2245.350055,2136.044786,2169.702326,2223.099225,2259.41668,2288.524134,2302.927204,2294.44295,2265.215699,2228.512581,2181.607216,2146.300997,2127.809147,2127.128818,1.775
11,11,79.899725,37.278108,1.013,0,0,0,0.0,0.0,0.0,0.0,0.0,75.75896287,173.3692382,272.4412612,341.5216069,401.0380922,435.8902049,462.1117157,487.2167093,509.1523688,529.9215749,544.6534891,552.6765365,561.1478873,576.28121,592.328105,607.7327145,623.112516,658.8444302,726.5945903,794.4010883,830.8599552,836.7488796,841.7267926,851.6387644,861.824904,875.199904,890.8767606,904.0233675,906.7349552,909.7487196,918.6309219,928.7259923,940.8993278,957.8833227,975.9268566,986.1538092,991.3412292,1000.683579,1019.630442,1037.559859,1049.973431,1058.494558,1067.513124,1075.117798,1101.056178,1169.698784,1237.981114,1276.353073,1304.552977,1331.904289,1357.536492,1381.770006,1405.916293,1424.680698,1443.225672,1470.608195,1495.419174,1515.643246,1526.862036,1538.336108,1555.770967,1576.602433,1599.15685,1626.322663,1651.667734,1666.978873,1680.172855,1696.216869,1717.884123,1739.403809,1756.9371,1774.909571,1793.426216,1822.273848,1852.161652,1878.081626,1902.381562,1922.159731,1931.565941,1942.616037,1959.583707,1977.78265,1994.864117,2014.574264,2036.338988,2060.298335,2087.378841,2111.322663,2134.302337,2158.040173,2158.440461,2144.649808,2157.84363,2184.040173,2207.729994,2212.339949,2215.677657,2207.169494,2186.65781,2168.196223,2150.212708,2135.457907,2175.828585,2217.809859,2259.242958,2297.740877,2335.620359,2367.533771,2387.627881,2407.988636,2444.420935,2483.277849,2515.890205,2537.519046,2559.618918,2569.542894,2559.272567,2565.132843,2592.536812,2619.298496,2640.479033,2660.278969,2683.608995,2706.493918,2725.916133,2743.588828,2763.018566,2706.172215,2645.572983,2617.617157,2644.623079,2672.458387,2678.620198,2682.435659,2693.964149,2704.616997,2719.887484,2603.56146,2462.448464,2362.127881,2340.800576,2318.774648,2288.766165,2136.442862,2125.142926,2189.276248,2228.302497,2218.293534,2208.441101,2200.373079,2155.995679,2111.78281,2051.739277,1976.298496,1900.401408,1898.314501,4.475
37,41,79.899611,37.279283,0.677,0,0,0,0.0,0.0,0.0,0.001266023,3.628263966,96.63807564,222.9129609,346.6860263,421.3627156,474.8802026,513.2910271,543.1737617,567.328533,578.5739832,591.3907264,603.4560848,615.9547397,629.6358601,650.2174395,671.7113467,690.984966,710.0889381,749.5717677,821.1943345,892.7119797,933.7776547,940.5945561,947.7050166,948.3168223,949.3082766,960.5921823,976.9759456,993.7339769,1003.287071,1013.689508,1015.073746,1011.605001,1010.62858,1037.072796,1063.581421,1080.001741,1086.105871,1092.9511,1100.247666,1109.872923,1122.836525,1138.506409,1150.816268,1162.898402,1188.143377,1253.771958,1316.473493,1354.492166,1376.1304,1398.732394,1414.623675,1431.381864,1446.323627,1474.911537,1504.962019,1523.018199,1538.708656,1553.945245,1569.679221,1586.037981,1607.400063,1633.496281,1656.762937,1672.088463,1687.802184,1708.558949,1730.674474,1752.075803,1777.181991,1801.480772,1823.523975,1844.217439,1866.991296,1895.718152,1924.636335,1941.903466,1949.394524,1956.478082,1967.96376,1978.936541,1988.618611,1998.963127,2010.697579,2041.831302,2077.445324,2106.329008,2105.945245,2112.972464,2131.032125,2147.805507,2161.206678,2172.110777,2183.223928,2192.93116,2204.685235,2215.111885,2223.176135,2227.524767,2232.0978,2222.456718,2205.508783,2194.119639,2227.34515,2271.964077,2314.948726,2349.498338,2376.769109,2405.799177,2432.029277,2459.47286,2483.375059,2505.565912,2528.203513,2556.180725,2583.661655,2611.264124,2617.269505,2622.350688,2635.919133,2656.78984,2701.053015,2784.97642,2832.862003,2798.266814,2769.380756,2818.800443,2859.538851,2817.83605,2747.596297,2691.379174,2693.535211,2695.966767,2732.185789,2790.136097,2805.683336,2791.403228,2768.589967,2703.372844,2593.601994,2494.204146,2463.541383,2429.069631,2383.821174,2245.592024,2183.555626,2286.737617,2383.436303,2366.238329,2347.877987,2334.479348,2358.555151,2389.688875,2378.809305,2289.855357,2205.579839,2184.346257,3.9
40,44,79.900366,37.278982,0.332,0,0,0,0.0,0.0,0.044627314,1.04162051,1.923247349,89.62240861,215.6024687,340.3362874,420.5622725,478.6434562,515.6520019,542.5855357,565.536319,582.4769742,600.0775439,615.4744422,630.2225036,644.5967716,672.8963444,701.8017091,718.6630796,732.6815952,768.956797,850.8142111,932.3486311,982.1775597,987.9950942,994.1378383,1004.180567,1013.583795,1027.267289,1043.015192,1058.502453,1075.02532,1091.343251,1106.062668,1118.306219,1131.653901,1150.463839,1170.07153,1184.103339,1192.619244,1202.870707,1222.334388,1240.973572,1258.55705,1275.453711,1287.867384,1296.577781,1314.040354,1368.051116,1421.650419,1466.769742,1507.601677,1548.262542,1578.05982,1608.252255,1637.026586,1654.392942,1670.290078,1701.050324,1733.305586,1761.984966,1779.978636,1798.316664,1818.359392,1839.709289,1860.550245,1873.797753,1887.444532,1901.908372,1918.043203,1936.466688,1974.225352,2014.024371,2030.492325,2037.880994,2045.203671,2079.778129,2114.253679,2150.514955,2187.569869,2216.832568,2206.488527,2197.160468,2217.381864,2242.692356,2267.333281,2300.1812,2334.575724,2367.689983,2399.61054,2420.338661,2425.739041,2430.98101,2433.318405,2429.063934,2438.89128,2461.864694,2486.478398,2488.727805,2486.637759,2483.401171,2479.415256,2467.890014,2451.682386,2434.501978,2466.370312,2507.049691,2548.792372,2586.954581,2618.951416,2651.456243,2689.595031,2728.001899,2768.580313,2808.943978,2847.644722,2880.246875,2914.126919,2942.611014,2942.930685,2947.335021,2968.672258,2989.769109,3022.742048,3081.174869,3119.243076,3114.141953,3109.929894,3126.825289,3144.902674,3103.053331,3046.84507,3009.489318,3044.468112,3079.499921,3085.223453,3078.035923,3081.194968,3087.41937,3092.970565,3008.475866,2864.991613,2738.00633,2734.345466,2729.560373,2726.437411,2502.067416,2395.13499,2558.010603,2715.200032,2621.090995,2526.133565,2432.006014,2455.922298,2523.047318,2556.476025,2515.339294,2473.190378,2461.48188,2.175
13,13,79.900274,37.27791,0.91,0,0,0,0.0,0.0,7.446747903,52.94382022,102.1487577,265.5269821,467.9609115,670.7479031,766.2581105,820.386137,850.1492325,869.0746954,884.8751385,895.1139421,905.6252572,917.1188479,927.6137047,938.0925779,974.2813736,1011.910429,1033.929103,1055.278525,1103.694572,1192.617186,1281.43298,1325.184365,1327.118531,1326.224719,1316.881627,1306.591233,1322.054914,1346.923406,1369.943504,1379.137838,1389.170913,1408.359709,1432.763728,1452.783827,1450.632062,1447.005064,1456.628264,1476.239595,1495.818959,1507.86137,1519.500396,1541.637759,1571.631429,1590.018199,1602.892863,1629.850609,1693.966609,1756.036082,1791.520494,1816.041146,1839.873239,1858.252572,1877.053173,1896.564013,1922.644248,1949.453395,1954.356227,1957.43029,1969.722899,2001.946036,2033.778288,2052.446115,2059.294034,2069.96376,2093.677006,2116.430606,2118.019307,2117.285172,2121.382339,2150.651052,2177.814686,2206.51448,2236.712455,2267.238171,2278.160152,2289.550562,2296.567811,2301.605159,2299.235322,2279.219497,2259.050166,2271.174236,2285.281057,2300.029435,2317.748536,2336.045893,2345.885267,2332.532679,2332.338028,2346.513056,2362.160468,2369.160943,2371.238171,2380.030543,2393.027694,2405.305586,2405.170597,2405.101282,2401.372053,2393.307011,2375.248299,2352.876246,2334.944453,2353.232315,2374.850768,2395.902358,2413.237379,2426.392467,2444.680013,2485.07517,2525.668935,2551.743314,2570.70834,2582.460832,2580.987815,2578.491533,2583.330749,2615.140054,2639.462257,2650.329957,2659.87134,2675.826555,2697.114259,2719.358443,2747.125495,2772.012818,2777.545972,2778.663713,2729.896186,2677.647571,2652.680013,2671.524292,2689.917392,2650.542491,2592.462415,2593.659598,2613.613072,2626.329008,2502.272353,2329.836683,2194.133091,2138.258269,2084.542807,2028.161893,1987.786833,1986.259376,2004.29894,2014.964868,1988.02532,1959.566229,1928.52176,1907.641557,1887.313024,1831.392784,1738.749327,1653.725273,1642.461782,4.95
4,4,79.900168,37.277689,2.19,0,0,0,0.0,0.0,14.58514725,81.38108195,152.449904,302.8929257,482.7075864,659.1193982,741.5020807,785.4046095,813.7837708,836.2544814,856.3207426,870.8039373,885.8954866,902.3293854,920.2887324,938.7980154,964.0777849,990.2760883,1016.756402,1045.606594,1097.893886,1190.689341,1282.926857,1333.153009,1335.215429,1336.435019,1339.773848,1342.527849,1354.532971,1367.480154,1380.980474,1405.059059,1428.164213,1450.877561,1473.222151,1492.647407,1499.942061,1506.167734,1519.241997,1538.234475,1554.825064,1560.362516,1566.392286,1589.238476,1626.454065,1642.602273,1645.354193,1665.208867,1736.102753,1806.90589,1850.145327,1878.40493,1905.732554,1919.886204,1932.772407,1945.086268,1982.584507,2021.411812,2031.867798,2038.264725,2053.567702,2087.210147,2121.434219,2151.141805,2175.904449,2200.628521,2217.433419,2234.462388,2235.221351,2234.098752,2237.387004,2263.248239,2289.18662,2320.473271,2355.370999,2389.669334,2412.560179,2435.054257,2445.804738,2447.247919,2446.994718,2446.412932,2445.377081,2467.856114,2492.158451,2518.454065,2552.245198,2588.690141,2609.784731,2587.416933,2583.038092,2603.243598,2622.46767,2643.488956,2669.46927,2686.308099,2694.445262,2702.458707,2716.12612,2728.830346,2734.670294,2726.234315,2705.012164,2681.09379,2662.623399,2695.645006,2735.323303,2775.53249,2797.712708,2800.886844,2812.004962,2872.225192,2931.713668,2951.559059,2949.296415,2951.004802,2962.367478,2973.631562,2990.739597,3033.203105,3066.552177,3064.466229,3062.319462,3076.53137,3113.776889,3145.650928,3165.068022,3183.771607,3212.852433,3236.888924,3203.172215,3158.552337,3135.681498,3158.339629,3177.976472,3159.189981,3127.529449,3126.997439,3137.59523,3141.168214,3066.482875,2953.27977,2860.710627,2831.302497,2801.18598,2772.659091,2748.288572,2740.24888,2761.304417,2782.18806,2766.933739,2750.740877,2729.083387,2737.324104,2751.18678,2719.550896,2620.52993,2527.574264,2507.466389,9.0
58,62,79.901274,37.279134,1.126,0,0,0,0.0,0.0,35.35939005,145.2539326,264.3845907,462.1991974,692.8094703,912.0550562,1005.319904,1047.255217,1078.742857,1105.2939,1130.335634,1158.950722,1186.466613,1217.952809,1253.89053,1291.890048,1333.655217,1375.379775,1393.508507,1406.439968,1452.385393,1553.845425,1652.413644,1716.983788,1755.445746,1790.010273,1784.457303,1780.333387,1789.02183,1805.515409,1821.508989,1836.414125,1851.807544,1877.08764,1905.442697,1934.611075,1955.72504,1978.61236,2002.001605,2024.841573,2048.139165,2073.317335,2098.429374,2125.227769,2148.813965,2169.337881,2191.420385,2232.785714,2318.626324,2398.301124,2445.836437,2474.37512,2500.354414,2524.055538,2548.288443,2571.613323,2601.087319,2630.78427,2647.578812,2663.097753,2676.588122,2686.386677,2697.41573,2710.236918,2727.564526,2744.671268,2752.854575,2759.173194,2757.871589,2755.66565,2755.456661,2802.814928,2849.494061,2856.513965,2840.652488,2825.121509,2823.936437,2825.129695,2835.007384,2853.83756,2867.226485,2841.142055,2813.358587,2820.289567,2836.151685,2853.400482,2882.446388,2914.669823,2938.200803,2931.980899,2930.121188,2935.925843,2939.901284,2935.98122,2924.421188,2923.467576,2936.775281,2951.894703,2941.979615,2922.948957,2910.033868,2911.194222,2875.525843,2821.572552,2778.703531,2802.294382,2838.817657,2874.467897,2891.891172,2887.824077,2888.105457,2920.634189,2951.030819,2970.277849,2979.955859,2989.719101,2998.373676,3007.685714,3016.144462,3015.535634,3013.867737,3011.880417,3020.967576,3054.069502,3110.381862,3124.862279,3071.084751,3026.031461,3017.94703,2996.757785,2925.777849,2846.677047,2793.708828,2819.156661,2843.695666,2863.757624,2878.509952,2891.736437,2901.597592,2902.14366,2798.015088,2604.94992,2428.922151,2374.870947,2315.258266,2246.207384,2172.855377,2168.969181,2278.62809,2375.856982,2284.796308,2193.729695,2110.866613,2122.948957,2155.125201,2151.164045,2093.999839,2042.310433,2031.710915,5.775
22,24,79.899046,37.278734,0.227,0,0,0,0.0,0.0,0.0,0.0,2.631168831,68.46314935,156.5152597,245.1920455,321.6737013,388.0016234,423.6983766,449.1090909,469.0074675,487.1056818,504.7209416,521.6003247,530.8021104,540.3186688,555.8345779,572.9034091,588.4886364,604.4519481,644.3042208,714.3305195,782.761526,816.6842532,819.3081169,823.8060065,830.2318182,838.2061688,851.1530844,867.9741883,885.2118506,895.1357143,904.0256494,911.836039,917.812013,924.3883117,943.6719156,962.712987,976.1589286,982.4996753,989.4797078,996.4047078,1002.860552,1012.368182,1025.790747,1038.433604,1052.444318,1080.496916,1135.982468,1188.92289,1222.891721,1249.832468,1276.120617,1290.60276,1305.186039,1318.43961,1349.58961,1385.728409,1408.921104,1428.516721,1447.303896,1464.213961,1481.683929,1503.564935,1530.90974,1555.761039,1586.312987,1616.359253,1626.692208,1630.769156,1637.078571,1663.990097,1689.955195,1708.745779,1724.740422,1743.358766,1771.359091,1799.862987,1825.496266,1853.000487,1877.223214,1885.145779,1889.76737,1909.467695,1935.804708,1965.588799,1989.660552,2011.15276,2026.871753,2031.514286,2041.849513,2054.857143,2068.012825,2076.139123,2078.486039,2087.297565,2101.91737,2118.217045,2129.009416,2135.671266,2141.616071,2153.75763,2144.973377,2125.108442,2117.77711,2138.176623,2164.299675,2189.257305,2215.655519,2248.684416,2282.11039,2308.931981,2334.970942,2366.282305,2399.108442,2430.177273,2459.346266,2489.568344,2516.936039,2530.266558,2545.839773,2582.50487,2622.69724,2664.046266,2670.289773,2662.839935,2673.984578,2694.173377,2704.320455,2694.887013,2641.861688,2579.501786,2542.688799,2560.873701,2574.191071,2606.92224,2656.01461,2676.562013,2671.434578,2646.200812,2544.832143,2375.500325,2231.064286,2198.33263,2162.91461,2094.185714,2006.527435,1980.630682,2015.966234,2044.153734,2062.310877,2071.90763,2078.528896,2075.634091,2061.610714,2013.571104,1911.604545,1823.953409,1791.163799,1.9
0,0,79.899092,37.278009,1.85,0,0,0,0.0,0.0,1.025288092,5.812900128,12.19334187,120.8986876,254.0981114,387.2229513,462.1024328,522.7120679,558.8778809,586.1283611,608.2884123,617.828105,627.6483675,642.9577465,661.7887324,680.0078425,692.8766005,705.1830986,727.3004161,749.3476312,794.9428617,866.6614917,937.7684059,971.6294814,975.7620038,981.7559219,1001.414693,1020.93662,1033.898047,1044.918534,1057.799456,1075.509283,1093.201024,1102.960787,1109.825544,1116.52993,1126.161972,1135.178137,1148.451344,1164.027529,1180.850512,1202.520166,1224.78265,1238.59315,1247.31114,1264.734955,1283.608195,1323.517606,1398.443822,1473.908771,1502.460787,1518.559059,1537.84219,1574.550576,1611.473431,1644.791293,1653.376921,1662.8113,1684.50016,1706.640365,1729.615717,1754.03137,1777.536172,1807.43726,1840.761044,1868.68758,1878.743598,1888.441421,1915.971031,1942.797695,1965.644046,1976.097631,1987.7508,2000.068982,2011.528489,2026.045455,2058.268566,2090.079225,2126.226472,2163.849392,2201.394846,2236.568502,2269.413572,2265.045775,2259.826504,2256.704225,2313.703425,2370.40541,2403.700064,2401.010563,2406.772087,2418.944142,2430.443662,2436.319302,2438.643086,2462.197823,2493.426216,2519.899008,2518.678617,2518.570583,2522.051697,2528.205026,2507.546575,2483.949424,2467.004481,2509.184379,2550.548175,2592.50112,2629.268406,2663.153329,2693.627721,2722.952945,2752.074424,2782.825864,2810.367958,2844.277369,2885.445903,2926.415973,2954.706306,2961.365717,2973.515365,2989.456786,3005.878841,3048.982554,3112.81274,3139.728393,3138.013604,3134.93598,3127.058739,3113.735275,3060.588988,3006.440461,3000.995198,3058.106434,3118.273688,3155.798335,3187.819782,3179.160851,3168.24936,3154.319942,3040.600032,2908.847951,2827.337068,2818.288412,2808.052337,2784.332266,2699.216869,2671.366837,2664.620198,2669.942061,2688.487836,2707.039373,2723.932939,2728.129641,2732.888764,2636.339309,2498.517446,2379.989117,2381.310819,1.675
64,68,79.900755,37.279615,0.92,0,0,0,0.0,0.0,0.513764405,7.158130602,14.83834827,110.6605314,244.6546095,377.3274648,462.6390845,526.2960948,563.5680218,584.3810819,603.1882202,620.0830666,636.3628361,650.159411,662.3753201,673.5200064,697.9129321,721.6272407,739.3273047,755.93758,795.4467029,879.2768886,963.2485595,1014.15749,1023.597151,1031.521607,1035.776729,1039.393246,1056.417254,1078.378041,1101.385243,1114.371639,1127.182778,1147.996799,1173.396447,1196.709027,1209.775768,1223.308099,1235.982074,1247.980634,1261.244878,1274.822023,1289.329065,1309.940141,1334.660051,1344.670935,1346.201024,1361.957426,1439.834667,1515.640845,1568.648528,1606.180858,1644.409891,1663.356274,1680.854193,1698.314661,1739.987516,1783.272727,1805.738636,1823.609795,1850.423656,1891.681658,1934.414533,1963.885563,1982.084507,2001.0,2021.150608,2041.175256,2058.81226,2076.224872,2095.022887,2136.964309,2178.739277,2207.048816,2230.402849,2254.815301,2300.638764,2346.042414,2378.360755,2399.275288,2415.695423,2411.146287,2406.970711,2440.215749,2480.995839,2521.865557,2557.303457,2590.930378,2623.294814,2651.714629,2667.753681,2666.953585,2665.379481,2677.602913,2707.296895,2728.40717,2738.284411,2750.132362,2765.752561,2780.845711,2791.049296,2795.872759,2792.816261,2786.12644,2782.403649,2813.419974,2851.963348,2890.085948,2912.451184,2914.481594,2920.59283,2980.807138,3041.189661,3074.040173,3085.839949,3099.772567,3125.558579,3151.140685,3177.795935,3210.954065,3240.064661,3250.507362,3262.685019,3305.213028,3405.066901,3464.883163,3439.732074,3418.927497,3471.013284,3520.036172,3470.007362,3395.671415,3344.271927,3366.541613,3386.794014,3398.723271,3406.113796,3400.472471,3386.838828,3370.689981,3284.109955,3152.130602,3037.923816,3038.618118,3038.557618,3035.96991,2821.197023,2726.204225,2893.162932,3048.004161,2938.035051,2829.53185,2724.488316,2788.120839,2905.548015,2954.93774,2861.72007,2768.862836,2741.632042,4.125
43,47,79.901289,37.278654,0.934,0,0,0,0.0,0.0,6.806338028,21.52400768,33.64676697,157.2176697,300.7335147,449.0568182,540.984475,624.5993918,657.7983355,683.4015685,705.1935019,722.7197503,739.8319462,761.8175416,785.8442702,804.5083227,815.796895,827.3357875,844.0704225,860.0641805,918.3237836,1006.941261,1098.816901,1135.584187,1149.483195,1159.84235,1165.886844,1173.447343,1190.060179,1207.609955,1219.014885,1221.914693,1224.84299,1239.014565,1254.450864,1270.116357,1286.493598,1303.15749,1318.650608,1333.903329,1345.722311,1357.052657,1368.528169,1395.31258,1421.966389,1431.71831,1438.964949,1470.888604,1528.077945,1586.523528,1617.683579,1647.145487,1673.613476,1694.431018,1714.838828,1731.045615,1744.246959,1763.699904,1794.954545,1825.412772,1842.345871,1856.336588,1870.404609,1892.138764,1914.555378,1941.838508,1971.403489,1997.403329,2018.833227,2039.815941,2054.348912,2066.200704,2084.099072,2111.078425,2137.108035,2158.93646,2181.025448,2205.960307,2240.158451,2275.422375,2276.055378,2265.727753,2264.792093,2273.972631,2283.683899,2291.016485,2300.791613,2310.898207,2313.651408,2314.731754,2334.850832,2354.383483,2373.076985,2358.297695,2346.596991,2374.583067,2404.252401,2422.622439,2435.666293,2452.410051,2453.369878,2444.478073,2422.628521,2395.444782,2383.733195,2414.809859,2449.886204,2486.056818,2505.452465,2522.729353,2543.921575,2567.951665,2589.053777,2606.09235,2626.363316,2649.665653,2673.72007,2697.480314,2714.580986,2729.889405,2755.223431,2780.385563,2802.659411,2870.239917,2953.869558,2952.756402,2928.990237,2916.205986,2924.057778,2906.013604,2842.27977,2766.646287,2769.048335,2794.845551,2820.833547,2846.729994,2861.420935,2852.390525,2841.822023,2787.40717,2625.602753,2454.68902,2419.369078,2421.073944,2427.585147,2264.714949,2007.412292,2090.825384,2216.114277,2245.018726,2224.973271,2202.455026,2209.833227,2272.818502,2339.451985,2275.927497,2192.40509,2135.494718,2131.631082,4.225
2,2,79.899496,37.277933,1.713,0,0,0,0.0,0.0,0.102432778,2.117797695,5.8881242,85.14820743,202.8998079,320.9127721,398.9002881,452.4913572,488.8085787,511.3516325,533.8737196,549.9361396,568.0921895,584.1610115,595.3161012,608.3754802,618.743758,628.9767926,643.7048656,659.3799616,689.7143086,755.471991,820.3433099,864.5040013,874.4580666,884.3095391,902.7223111,920.634443,935.4958387,947.8111396,960.9894366,969.0398528,975.0648207,982.7661652,989.6013124,998.337388,1016.325224,1034.723271,1048.827305,1056.602913,1064.419814,1074.140365,1083.355474,1098.942702,1119.853553,1136.330346,1149.238796,1169.31338,1235.652849,1299.995359,1347.96991,1383.100672,1418.173976,1434.919334,1450.246639,1464.629001,1494.806178,1528.136684,1550.071223,1569.709827,1590.871799,1618.28121,1645.694462,1673.81274,1701.861556,1730.12516,1761.231434,1792.134283,1812.475832,1829.229994,1846.78233,1864.628201,1882.332266,1900.840269,1920.141005,1940.264405,1971.552497,2003.297535,2036.357875,2068.918054,2101.110115,2127.529449,2153.788572,2175.460948,2194.853233,2216.310179,2240.828265,2265.800416,2289.946223,2305.143406,2321.133003,2338.333707,2355.152209,2373.955346,2392.514885,2412.698303,2435.004321,2457.84267,2468.384923,2475.109475,2480.40685,2484.586748,2480.458387,2469.071703,2460.111876,2490.616997,2536.109475,2580.615717,2622.956946,2663.455826,2703.685179,2741.587388,2779.149648,2806.867638,2825.116677,2845.43614,2885.152209,2924.90749,2964.334027,2951.310819,2940.003841,2975.915813,3011.987996,3053.708547,3113.545615,3163.354033,3168.759763,3173.916293,3197.245198,3218.461268,3196.886524,3152.637164,3115.763924,3156.984795,3195.576665,3238.321383,3284.028809,3293.901569,3267.208227,3237.829385,3194.004962,3132.950224,3073.715109,3072.204545,3069.331306,3064.449104,3031.84299,3007.620038,3041.131562,3074.361716,3073.830826,3068.007843,3060.238956,3047.574904,3027.960627,2993.239757,2906.700224,2825.555378,2793.201344,1.65
14,14,79.90064,37.277814,2.37,0,0,0,0.0,0.0,7.387323944,38.24247759,66.52080666,207.8791613,367.7474392,527.3822023,620.3609155,699.4284571,725.1309219,737.6888604,752.5396927,767.5208067,782.9964789,801.140525,823.3758003,844.9639885,862.1478873,879.246959,885.8015365,892.9271767,932.5745839,1014.316741,1096.633643,1143.28089,1159.515845,1170.897247,1167.126921,1163.617638,1178.918534,1197.068182,1211.68854,1215.334027,1219.215749,1228.018726,1240.03265,1250.079065,1261.06226,1270.59283,1295.068342,1322.774328,1338.725032,1339.090269,1338.972791,1356.378841,1378.154609,1381.213668,1384.135403,1405.757843,1459.506722,1515.887004,1543.990877,1567.795935,1589.396447,1606.372439,1623.501921,1644.162452,1678.431018,1705.070102,1709.850512,1713.646127,1727.775928,1747.840429,1767.7492,1790.424136,1813.495999,1834.53137,1855.178457,1873.807778,1870.229193,1866.907971,1880.486236,1920.534891,1960.385403,1957.020166,1955.15621,1959.59507,1976.418374,1992.939341,2019.110915,2046.03009,2049.911332,2030.611236,2018.685499,2036.454706,2054.128681,2072.337548,2097.71975,2124.304577,2127.696863,2108.548175,2111.836268,2121.75096,2133.198464,2148.419334,2163.485115,2163.818182,2163.912772,2162.557458,2161.305058,2162.103873,2154.784251,2143.768726,2113.425896,2079.224072,2056.213508,2084.977753,2113.34283,2143.331466,2169.900928,2194.934539,2225.910051,2263.625,2299.378201,2318.866837,2337.403329,2352.691741,2365.808739,2377.850832,2402.328905,2435.011204,2455.783771,2467.349072,2477.744718,2506.414693,2547.141485,2560.091549,2560.110915,2564.859635,2573.181978,2572.163732,2499.25048,2420.011204,2399.377401,2425.803457,2454.525608,2493.503041,2528.058579,2498.544334,2469.836428,2439.741677,2279.87596,2114.96959,2003.855154,1945.778969,1886.221831,1842.59523,1830.118118,1834.169174,1838.926697,1830.473431,1814.634283,1803.052017,1794.925576,1782.8129,1774.997279,1667.895807,1541.572183,1447.350352,1444.303297,10.2
62,66,79.900205,37.279764,1.578,0,0,0,0.0,0.0,0.504961588,5.308578745,15.32890525,152.7067862,334.6149168,512.7075864,606.5721831,666.3866837,704.3689181,731.7080666,758.6597311,787.2634443,816.1877401,835.4039693,839.8487516,846.0208067,875.7367157,906.2791293,924.5997119,941.3385083,985.5518566,1071.84347,1154.755762,1202.447343,1218.090909,1234.372439,1249.229834,1264.829065,1286.611876,1310.462548,1332.379481,1320.298816,1309.108675,1320.540013,1342.191901,1364.104033,1381.515685,1398.169174,1415.529289,1436.145647,1456.369558,1477.368438,1497.772247,1520.974232,1544.293854,1553.856914,1558.860275,1584.34251,1662.119718,1736.391005,1780.2492,1809.850352,1838.497279,1866.145967,1893.795935,1923.047055,1956.896767,1991.110435,2016.507202,2041.985115,2062.885083,2081.071063,2099.800096,2118.011844,2133.606274,2152.319782,2197.37596,2240.358995,2258.427977,2272.166453,2288.28073,2311.478393,2333.059699,2346.864277,2356.663732,2368.931338,2401.949264,2434.31322,2459.567862,2479.382202,2498.586268,2515.175736,2529.414052,2545.286172,2561.324584,2578.684699,2604.505442,2632.370999,2653.981114,2659.011524,2675.24984,2706.102753,2734.888124,2748.597311,2751.00144,2759.779289,2778.176697,2798.367638,2812.284251,2821.263924,2819.422535,2803.107234,2779.779289,2755.102593,2738.023367,2780.721031,2832.041293,2880.072503,2923.522407,2958.177337,2992.247279,3023.587068,3054.576985,3083.178777,3108.959187,3133.56402,3160.341709,3188.581306,3208.444462,3194.136044,3185.53281,3194.548175,3213.086908,3278.908451,3400.584827,3450.987196,3394.421575,3351.369398,3364.959827,3370.654609,3318.333867,3260.50112,3224.237036,3237.887804,3252.898848,3288.045935,3330.169334,3323.706146,3295.684219,3259.889725,3179.911492,3076.889085,2995.192702,2987.31178,2971.181498,2947.247919,2744.923816,2684.847791,2804.995679,2900.826504,2828.101152,2758.891485,2698.240557,2749.788252,2815.34299,2819.956306,2753.095871,2690.238636,2680.558099,6.825
50,54,79.901106,37.278921,1.719,0,0,0,0.0,0.0,7.775439152,41.246558,82.32710872,242.767843,444.2150657,639.4677955,739.9056813,802.4540275,853.0788099,897.1956006,933.9322678,952.4644722,969.7358759,988.2625415,1005.28264,1022.867068,1062.378857,1104.38772,1139.827979,1175.183257,1235.053489,1335.382814,1433.842222,1487.614179,1490.008862,1492.338819,1497.886374,1503.813262,1514.692198,1528.551511,1541.224719,1557.98006,1576.393733,1588.970565,1598.191486,1608.109194,1632.284697,1657.638867,1683.387561,1709.716094,1735.332648,1751.707074,1767.126919,1786.501029,1807.263175,1830.845229,1859.073746,1899.288337,1959.504985,2015.815952,2057.996044,2094.188796,2128.839215,2145.395157,2161.5417,2176.712296,2211.19022,2247.06979,2265.805349,2281.185789,2297.075487,2316.748694,2336.248615,2354.040513,2368.871973,2383.181041,2393.834942,2405.507201,2420.184365,2437.071372,2452.546764,2470.307485,2487.31065,2512.702485,2541.645197,2571.232473,2581.852034,2589.560215,2583.906473,2565.790157,2550.713879,2561.685393,2569.736984,2575.240228,2580.021681,2587.311758,2608.571768,2633.666245,2651.986865,2646.112834,2648.701219,2664.21016,2678.093369,2685.495806,2681.375218,2682.744738,2687.830353,2693.94113,2700.913752,2705.653584,2703.160468,2690.756449,2659.744263,2620.915809,2590.231207,2613.889698,2650.547397,2684.487735,2711.687609,2729.090995,2748.126602,2768.760722,2788.285646,2805.054122,2820.068998,2834.66482,2849.31793,2864.5254,2880.197183,2890.388986,2898.779079,2904.216173,2915.937015,2947.608324,3001.973888,3020.322045,2968.921823,2923.274411,2950.315873,2967.949517,2899.636018,2805.38677,2734.554202,2762.73366,2789.792214,2833.399589,2886.727963,2890.28897,2858.7047,2820.285013,2729.838266,2594.496914,2470.073429,2435.732394,2399.347365,2352.801867,2226.413673,2163.89492,2237.377433,2302.037031,2260.504352,2218.585061,2181.210635,2205.260168,2242.776547,2228.087039,2133.6069,2043.30796,2022.493274,8.55
65,69,79.900976,37.279512,1.94,0,0,0,0.0,0.0,3.035691421,17.83274648,33.68117798,192.6336428,396.1174776,598.3980474,689.8005762,745.940621,795.9478233,840.4939181,875.5289693,887.0113636,898.9943982,916.1987836,942.771927,969.3778809,995.0139245,1020.640365,1055.539853,1091.460467,1150.50032,1246.601312,1341.483355,1382.902529,1370.491997,1363.886044,1387.548015,1410.296575,1423.917894,1433.972791,1444.021447,1468.212868,1491.614757,1508.121639,1520.572503,1535.142125,1553.5637,1572.341229,1584.116677,1591.067382,1603.653169,1630.304898,1656.778649,1675.946863,1691.684219,1703.129001,1712.272887,1744.840109,1832.014565,1918.256402,1959.919974,1984.946543,2010.46767,2035.042254,2059.790013,2083.46719,2099.667894,2115.238156,2125.482234,2136.169814,2150.705826,2173.174296,2196.255122,2222.439821,2252.330026,2276.238636,2271.675096,2264.197503,2287.236876,2311.06258,2330.705346,2331.059859,2331.190141,2342.352433,2355.828905,2370.233835,2371.664052,2374.579225,2394.804577,2425.739437,2451.353873,2459.90605,2467.741517,2457.758323,2447.526729,2438.366197,2474.808739,2513.876921,2533.708387,2508.984795,2502.869558,2514.098271,2525.176697,2523.488956,2510.362516,2521.175576,2543.349552,2565.423656,2549.758163,2534.482875,2523.899008,2519.690781,2488.129321,2449.648848,2409.735435,2433.767446,2458.90685,2483.511684,2512.34235,2543.679898,2567.848111,2574.590109,2580.99952,2598.315941,2617.800736,2636.348912,2651.459187,2665.816741,2683.423335,2706.56322,2716.462548,2703.814981,2691.730314,2734.685339,2831.661972,2849.559539,2777.264565,2714.085467,2682.197183,2649.368598,2587.303457,2523.302017,2492.739437,2532.054417,2572.909091,2603.7508,2630.476953,2604.193822,2564.057458,2522.347631,2376.706786,2193.474712,2045.738956,1982.184859,1918.597791,1847.798496,1660.572823,1641.849872,1745.576024,1811.03009,1741.661012,1672.598431,1601.050416,1666.883163,1737.167734,1697.477433,1564.365077,1435.895166,1430.210147,8.225
30,34,79.899763,37.278963,0.332,0,0,0,0.0,0.0,0.052539959,1.281373635,4.102706124,76.54549771,175.5589492,274.2516221,353.9158095,423.7961703,465.0978003,491.1215382,513.1368887,524.6396582,535.1216965,546.2916601,557.3184048,569.412407,580.9139104,592.7398323,613.1330907,635.6470961,676.0449438,742.795379,807.4560848,842.3487894,845.6751068,848.1253363,859.6896661,870.8455452,881.8409558,891.7474284,902.0928944,919.915493,938.3883526,946.0468429,947.5098908,950.2258269,962.9476183,976.7075487,988.2433929,997.2345308,1008.203988,1024.526349,1040.454819,1047.307011,1045.740149,1051.972147,1066.299731,1093.631113,1154.056022,1210.991138,1247.745688,1273.181358,1297.360342,1319.465263,1342.48552,1365.393891,1379.777022,1391.788099,1416.084032,1442.6069,1464.586169,1476.252572,1488.699794,1511.143061,1546.947618,1582.178984,1585.471435,1589.181041,1606.640608,1626.873081,1646.443108,1659.159044,1671.24181,1689.120114,1710.660706,1733.831935,1763.020889,1792.292451,1812.773382,1827.871657,1843.695838,1868.683019,1891.678747,1907.864852,1922.333914,1937.880677,1959.114417,1982.671784,1997.254787,1983.858205,1988.174236,2023.292293,2056.878462,2072.419845,2066.477924,2075.034974,2099.267764,2124.193385,2127.305903,2124.596772,2121.70739,2119.918183,2110.128976,2096.550878,2091.41304,2120.326159,2158.64583,2194.590125,2231.660706,2270.369837,2309.149074,2324.127552,2338.284539,2367.644248,2407.281215,2439.945561,2446.362716,2453.865327,2460.247191,2477.131983,2495.186422,2522.85868,2555.020573,2600.145434,2650.099858,2671.225194,2655.530147,2646.573508,2668.106504,2678.540434,2647.906473,2608.05982,2590.643614,2608.677797,2624.365564,2633.076436,2642.305428,2641.238171,2631.990347,2611.754708,2525.813103,2398.880519,2295.021206,2287.729704,2278.651211,2249.532521,2132.929103,2078.825764,2129.023421,2164.056971,2126.467479,2087.592182,2055.813578,2062.578731,2075.916284,2056.05618,1994.798069,1942.321412,1927.433613,2.3
19,20,79.899885,37.278261,0.3,0,0,0,0.0,0.0,0.233897769,3.618135781,7.500712138,90.58711821,204.4326634,318.4464314,393.8162684,450.0936857,483.5586327,507.0037981,525.0090204,532.4135148,540.205887,553.5003956,572.6592815,592.614496,612.300997,631.8414306,642.4584586,653.645197,685.3217281,757.9672417,831.1343567,875.2826397,886.3763254,896.3600253,903.2291502,910.4162051,922.7365089,936.8012344,951.0541225,963.3046368,976.2975154,993.0414623,1012.602627,1030.607058,1042.71736,1054.801234,1068.305428,1083.273303,1099.957905,1122.681437,1144.806457,1152.460832,1151.302896,1162.072322,1180.198291,1211.138313,1279.135623,1345.713562,1389.877354,1421.950942,1453.110777,1483.720525,1513.052856,1544.198133,1559.919766,1573.403228,1601.484412,1632.416205,1662.996518,1692.954423,1721.080709,1739.66213,1749.003007,1760.008546,1778.942238,1797.200981,1823.326317,1850.055863,1876.41035,1907.258743,1937.901408,1953.762146,1963.762937,1974.660548,2010.317455,2046.992879,2082.457351,2116.463523,2145.609748,2147.448172,2147.772432,2166.253521,2188.083399,2210.718785,2245.675898,2280.635385,2317.814844,2369.729862,2403.37775,2410.866593,2416.485995,2420.60595,2419.725589,2429.206678,2449.035449,2467.939231,2483.020731,2497.145593,2498.149074,2478.999842,2467.241019,2461.84871,2460.20652,2491.349581,2528.803292,2566.436303,2594.568761,2615.739832,2638.883526,2685.79617,2731.431239,2771.230258,2806.211426,2839.28264,2868.890806,2897.714987,2921.329957,2914.48457,2912.506093,2933.434246,2954.019623,2982.605792,3019.013768,3050.395949,3077.538851,3104.053964,3121.404178,3134.898718,3089.313182,3036.375376,3008.707074,3052.474284,3094.950942,3089.39579,3062.038297,3060.76626,3070.843804,3077.705017,2995.490109,2861.962494,2754.081658,2766.60959,2778.241336,2785.849502,2672.348315,2617.193069,2652.052065,2685.465105,2683.368729,2678.952524,2672.490742,2666.382972,2659.385504,2632.573192,2580.322994,2534.09606,2521.209527,2.175
36,40,79.899404,37.279298,0.918,0,0,0,0.0,0.0,0.004431081,0.245924988,5.279632853,103.7884159,226.2555784,346.9890806,415.8838424,465.1234373,502.5089413,535.0553885,560.8102548,576.3078019,591.5830036,609.1128343,630.3635069,651.5192277,668.7819275,686.618927,695.8447539,705.2620668,741.2965659,816.792214,891.1454344,931.6811204,942.3927837,952.4296566,969.8683336,986.8746637,996.5570502,1002.64678,1010.090046,1029.975154,1050.996677,1059.646463,1062.641082,1068.571926,1090.369995,1112.102864,1123.066308,1124.811837,1130.354012,1152.561323,1174.831461,1181.902991,1180.761196,1188.338186,1199.782561,1225.258585,1276.881943,1327.138788,1360.271087,1385.205887,1411.719576,1443.900617,1476.729704,1508.158253,1525.045893,1541.335338,1564.758981,1588.790631,1609.543599,1623.820383,1638.99636,1666.135464,1701.413357,1731.989081,1730.805349,1728.99003,1749.079443,1771.451179,1793.614971,1818.329166,1841.739199,1845.257477,1841.724956,1838.774964,1865.869441,1892.535844,1928.649628,1970.592815,2007.146384,2019.865169,2031.527773,2038.436461,2046.171704,2054.736509,2093.465263,2135.121538,2162.76626,2155.112676,2159.885583,2177.087514,2193.53347,2196.234689,2187.578256,2197.94382,2224.198607,2250.163475,2241.083399,2229.6721,2221.804241,2223.037822,2212.500079,2201.001899,2196.142902,2223.53078,2252.300839,2279.932584,2314.879253,2356.746479,2397.700902,2430.613388,2463.627473,2485.815635,2502.984175,2524.244659,2550.220288,2576.656749,2605.120747,2638.86865,2666.622567,2681.189429,2702.007913,2748.683178,2822.121855,2855.005855,2833.216332,2814.961386,2805.034974,2787.594556,2732.492958,2681.655167,2660.422693,2704.212059,2747.10777,2776.718626,2799.094952,2799.786042,2790.491375,2774.225352,2668.689033,2508.598354,2377.54344,2352.337553,2321.674474,2287.742048,2092.337237,2036.636335,2125.226935,2196.270771,2177.376484,2158.410824,2141.736351,2181.073588,2222.111094,2211.002532,2142.607058,2076.62953,2065.53173,4.625
5,5,79.90029,37.277593,1.433,0,0,0,0.0,0.0,8.060192616,37.68362761,69.20224719,239.0319422,433.0348315,626.7138042,699.2701445,746.5942215,779.5577849,807.5804173,834.2778491,861.5346709,888.8070626,911.888122,932.3648475,953.4420546,982.8107544,1010.698555,1030.337881,1049.360353,1105.657785,1196.255056,1285.699037,1324.406742,1333.817978,1343.793419,1353.054735,1362.513162,1375.853291,1389.628732,1402.973515,1411.83114,1421.155056,1435.063082,1450.369823,1468.932905,1497.700642,1525.692456,1539.914125,1547.16565,1560.319262,1585.255217,1610.67817,1622.732263,1631.70305,1644.07496,1657.834992,1692.107063,1751.288283,1807.986517,1847.62809,1884.958748,1922.126645,1956.984751,1992.398395,2022.9,2028.094061,2037.208186,2077.360514,2117.244783,2142.924719,2156.732745,2171.566934,2179.791332,2187.758748,2204.182183,2238.239807,2268.905457,2281.990209,2295.033708,2311.185393,2333.447352,2355.17496,2372.857624,2390.982825,2408.995024,2429.22809,2449.130337,2465.009791,2481.104334,2487.701926,2481.491011,2477.511236,2489.5061,2501.717175,2515.578812,2535.749278,2554.7374,2581.761156,2616.710754,2638.293579,2655.109149,2671.47496,2662.84077,2647.905618,2661.213965,2682.266453,2698.673034,2694.245425,2687.254093,2667.586356,2643.42504,2618.251364,2594.095666,2582.00305,2613.886838,2646.083628,2676.742857,2707.922472,2740.096629,2776.545425,2816.096148,2855.782825,2885.116854,2916.430016,2934.383628,2945.771429,2957.02488,2954.881059,2942.220225,2947.527769,2969.164205,2991.689085,3023.526645,3056.407544,3079.873515,3100.582504,3124.910594,3151.869823,3161.751685,3108.76549,3059.349117,3062.135795,3100.245586,3131.876886,3083.872231,3038.391974,3029.428892,3021.153933,3007.79374,2897.798716,2783.2939,2692.252809,2623.588122,2556.278973,2515.382183,2528.175923,2510.764205,2497.547673,2506.760995,2532.747352,2554.536597,2561.379615,2529.51252,2496.851204,2385.767897,2255.975762,2157.303852,2157.865008,6.45
33,37,79.900701,37.278623,1.413,0,0,0,0.002690299,0.014084507,88.74014876,383.5942396,679.0767527,858.683969,1014.066466,1169.958063,1254.597405,1321.508783,1358.619402,1387.750277,1410.557367,1423.862003,1436.615604,1463.19655,1502.245608,1540.595664,1583.081975,1625.895395,1662.587435,1698.875455,1763.159677,1858.301472,1954.742997,1997.890647,2007.313974,2012.67938,2009.817218,2007.408134,2019.00902,2033.927204,2049.807248,2066.236588,2083.570185,2093.996677,2105.327583,2116.53442,2129.090521,2141.064251,2163.806298,2190.784301,2227.545023,2279.212375,2333.775439,2353.851242,2365.27805,2356.866118,2345.392942,2357.403703,2409.584428,2460.918342,2504.728913,2545.172496,2588.687134,2641.267131,2695.649312,2737.477924,2719.443741,2707.702643,2734.837,2761.271562,2770.663238,2766.365881,2762.286912,2782.403228,2808.75724,2833.29435,2858.352904,2883.910112,2903.261592,2923.375218,2933.544548,2935.550404,2939.997784,2972.352429,3005.221079,3029.316348,3030.574458,3030.350372,3022.664979,3016.223295,3022.191486,3036.660389,3045.228675,3026.475392,3007.470802,2991.097167,2987.845545,2986.675107,2960.104289,2916.067416,2922.444532,2944.867701,2967.846969,2965.516854,2954.301788,2961.01899,2973.428707,2975.613388,2941.89856,2906.215382,2896.54344,2902.863111,2866.997468,2825.202089,2792.531571,2811.560848,2831.671467,2851.140845,2863.30527,2872.966609,2893.856939,2929.85868,2964.825131,2964.693306,2961.784143,2970.454344,2985.622883,3000.439943,3021.862795,3046.814844,3064.705966,3076.467479,3087.94746,3156.210635,3249.293717,3230.420003,3165.43203,3137.388194,3153.542807,3150.031967,3066.031176,2978.335813,2950.923406,2967.39674,2989.255737,3045.019782,3092.013451,3038.39579,2982.503402,2927.511632,2781.28533,2625.84507,2535.761038,2510.050957,2484.947935,2430.360817,2233.330907,2221.900142,2268.93116,2283.193543,2241.621301,2199.865643,2163.035132,2173.037506,2184.802026,2109.173762,1999.407185,1905.084349,1903.305428,6.05
41,45,79.900755,37.278859,1.007,0,0,0,0.0,0.0,1.588028169,11.29353393,22.53569142,126.2885723,261.9633483,396.0710627,487.871799,565.0857875,609.128041,634.7588028,658.7767286,680.349872,702.1261204,723.2354353,736.1678937,749.6414853,776.4295775,805.3569142,831.693662,858.4444622,911.3455506,1004.148688,1096.259123,1141.862036,1140.860275,1139.797855,1149.68806,1160.998239,1179.199104,1200.509283,1223.009283,1234.158451,1245.809859,1259.042574,1273.953105,1289.253681,1307.815461,1325.49968,1342.203425,1357.202145,1374.163732,1387.93614,1402.439341,1413.446543,1419.364757,1436.3758,1461.732554,1500.496639,1559.447503,1616.089789,1649.74904,1670.816741,1690.632522,1712.264085,1734.115077,1755.802817,1785.991837,1819.307298,1833.65733,1844.826344,1857.069622,1879.121959,1901.200544,1919.975512,1936.076344,1951.196863,1975.179738,1999.845871,2008.424136,2012.330826,2016.554738,2028.741837,2039.825224,2058.060819,2080.581146,2102.791453,2118.991997,2134.487516,2148.041293,2161.676697,2174.982234,2181.114757,2187.007522,2195.394366,2205.890365,2218.108835,2234.476793,2251.152689,2261.766805,2257.746479,2255.665333,2255.440461,2254.889405,2253.770487,2252.854994,2255.431498,2260.975512,2267.435819,2260.74904,2248.53153,2240.18838,2257.707426,2250.799296,2223.15765,2203.654449,2214.085467,2233.263924,2252.096191,2271.067542,2296.480634,2324.859795,2338.836588,2353.358035,2377.552817,2410.008643,2437.742958,2445.815781,2454.911012,2463.993118,2498.538732,2529.200384,2532.253681,2538.567382,2562.441741,2594.163412,2594.568662,2565.526569,2546.332746,2543.850352,2523.668694,2467.059539,2402.518726,2363.564821,2395.795134,2429.274488,2464.076985,2493.832907,2488.628521,2459.097151,2415.521447,2319.492478,2172.098111,2042.703105,1980.600672,1916.363476,1816.925896,1645.372919,1559.536012,1646.18838,1718.697503,1680.161012,1629.640045,1587.703905,1596.78249,1623.538252,1602.246479,1480.995038,1372.525288,1329.513924,4.525
51,55,79.901266,37.278875,0.601,0,0,0,0.0,0.0,2.159677164,4.897135623,13.38914385,105.7759139,226.2402279,344.5135306,415.8172179,469.424276,513.9181833,555.1221712,589.8971356,608.9417629,627.8732394,645.8721317,661.0033233,675.8518753,704.2263016,733.4594081,754.837949,775.8787783,819.2365881,901.4277576,980.4734926,1026.044469,1031.65485,1038.162367,1047.487261,1057.402437,1070.308593,1084.337395,1097.909321,1109.074062,1120.273144,1131.748853,1141.473018,1152.452129,1176.429498,1200.97009,1220.605476,1235.58696,1251.294034,1264.536952,1278.31065,1291.772116,1305.620826,1317.577781,1330.137205,1353.373002,1401.151765,1445.720684,1484.65944,1521.887957,1556.745846,1578.012818,1597.60595,1617.344991,1641.98639,1667.669251,1689.056813,1709.626681,1727.141795,1739.241652,1750.1304,1771.981801,1802.656749,1833.26175,1847.290711,1861.338186,1883.541225,1907.072322,1928.979585,1956.489001,1985.57699,2012.151132,2039.00902,2065.483304,2084.78984,2101.687767,2111.119481,2110.299414,2111.572559,2123.795379,2134.567337,2137.290711,2138.69932,2142.777022,2176.94746,2218.033075,2249.568444,2240.70106,2242.48457,2262.324102,2281.727014,2292.180567,2292.980693,2304.250198,2325.211426,2349.052856,2357.998576,2363.287387,2360.927995,2350.699636,2334.272511,2316.62684,2307.336762,2335.265865,2369.354645,2401.95474,2429.735085,2455.909479,2481.354961,2500.762462,2518.680329,2541.040038,2565.530938,2589.280741,2612.17297,2634.896819,2657.932584,2679.71562,2695.151606,2699.648046,2711.379649,2747.856939,2819.689508,2851.560057,2807.862478,2770.735876,2785.71736,2789.925779,2735.817218,2667.145751,2617.433455,2647.26634,2675.6232,2717.758664,2764.237221,2765.381389,2741.224561,2710.459566,2640.009179,2534.322994,2438.577623,2409.513372,2376.878145,2335.076278,2166.019307,2086.221871,2179.473651,2261.772749,2225.178193,2190.559266,2160.409084,2183.906473,2215.902516,2222.793796,2203.683652,2189.765469,2187.888432,3.475
52,56,79.899656,37.279852,0.625,0,0,0,0.0,0.0,0.340243709,2.251463839,8.680803925,100.4689033,214.108878,325.8583637,410.792214,485.1732869,527.193385,554.4427916,577.5780978,590.1050799,602.5682861,620.2289919,645.6304795,669.2962494,682.4269663,696.013768,715.5967716,738.4298148,779.4302896,852.997468,923.2054122,961.0234214,960.74094,962.0705808,975.040671,987.0307011,999.8680171,1011.568919,1023.827504,1027.607058,1030.668144,1046.529831,1066.410824,1084.523501,1089.872132,1095.300522,1103.943978,1116.146859,1130.045735,1146.642981,1164.151132,1181.084032,1198.782877,1219.101915,1242.766419,1276.730179,1332.379965,1386.169331,1415.25542,1433.182624,1451.523659,1472.160627,1493.208894,1514.614812,1535.415256,1556.222662,1573.516537,1591.15493,1615.705966,1650.690932,1687.047318,1703.708182,1708.687767,1716.303371,1746.379332,1776.985282,1804.35148,1829.978478,1854.964551,1872.296724,1889.541067,1909.896661,1932.211426,1954.489634,1978.162367,2000.256686,2020.106662,2037.357493,2053.247033,2063.566704,2073.237379,2084.219022,2095.084824,2108.078968,2129.261434,2152.189587,2177.615287,2207.367305,2227.793955,2239.374743,2249.316189,2259.483463,2268.184839,2285.217598,2309.889856,2334.491059,2345.270454,2353.109353,2358.611489,2361.648995,2347.985282,2327.58063,2310.432505,2346.514164,2386.451654,2425.645355,2464.567337,2503.504194,2539.802342,2563.787308,2589.015667,2616.856306,2644.392784,2669.356227,2689.883368,2710.181674,2727.469378,2742.090679,2758.72464,2780.011078,2807.049691,2858.039721,2943.340402,2979.916917,2935.962178,2901.749011,2926.898085,2949.979585,2905.231366,2849.431556,2814.352746,2850.527299,2887.948568,2914.810097,2936.384238,2940.510049,2937.205412,2930.38946,2862.215699,2758.690457,2667.067099,2629.113784,2587.607375,2549.262542,2339.014559,2297.808672,2449.049375,2568.355436,2489.782877,2412.223137,2334.263491,2405.316664,2492.348473,2490.405444,2389.989555,2291.948568,2280.99636,3.275
59,63,79.901472,37.279058,2.31,0,0,0,0.0,0.0,15.09587068,58.14836748,104.5747439,268.1954225,445.7940141,621.1834187,703.5965109,771.9726312,801.6600512,827.403009,852.0934699,875.9322983,898.887484,931.3775608,967.1056338,998.759443,1021.988316,1046.93886,1084.743598,1122.119238,1181.651408,1267.878681,1353.935339,1398.590109,1417.262964,1433.057298,1445.888284,1458.556338,1469.90781,1480.81146,1501.101793,1534.285851,1567.200224,1595.163572,1622.560019,1640.859155,1650.513764,1659.915013,1686.262324,1712.699584,1737.363316,1762.31242,1785.517446,1802.198143,1821.011844,1841.631562,1862.09491,1902.737356,1967.721511,2032.37404,2082.791133,2127.823303,2162.571383,2180.010083,2197.398688,2224.515685,2265.9992,2302.384923,2330.944782,2359.490557,2377.090589,2392.342029,2407.584987,2432.007042,2458.493438,2471.356914,2472.993438,2483.639885,2508.568822,2532.238796,2555.15493,2577.176857,2598.704225,2614.99904,2630.867958,2645.471031,2656.997759,2668.525608,2674.841069,2683.602913,2686.447663,2684.28009,2690.927657,2709.320743,2726.601312,2754.991357,2801.904449,2850.684699,2839.909411,2805.525288,2828.585627,2856.306178,2880.144366,2868.065941,2851.598271,2843.148848,2836.534731,2847.542734,2862.748079,2875.551056,2863.394206,2847.036972,2800.164373,2748.935659,2736.553777,2776.165333,2819.262324,2854.770166,2864.00128,2871.353553,2903.441421,2939.823143,2975.464309,3005.604033,3035.129001,3044.704225,3050.052657,3055.478233,3087.552017,3122.955826,3115.560819,3103.091709,3091.56386,3175.623079,3279.067382,3263.8742,3219.909571,3214.15573,3240.03185,3221.068822,3114.479994,2998.578425,2989.28057,3020.321863,3043.208707,3047.425096,3048.914693,3044.144686,3032.734955,2994.204545,2866.271287,2726.011684,2656.74936,2624.692061,2593.979834,2481.077465,2315.828585,2353.745679,2452.65589,2449.24856,2388.097471,2325.146287,2344.121639,2435.266165,2494.231274,2421.319942,2320.725512,2273.244878,2267.459347,11.2
46,50,79.900137,37.279344,0.231,0,0,0,0.0,0.0,0.075170122,4.281531888,9.326950467,139.9754708,295.6899826,449.4617819,545.0781769,628.3733186,642.1425859,637.0602944,642.9886058,667.8013926,690.7820858,712.6133882,731.6739991,750.2497231,775.8094635,800.560057,810.6523184,820.0340244,862.9110619,947.4579839,1032.78715,1079.821649,1097.100649,1109.806298,1110.206995,1110.659915,1124.06615,1140.148125,1155.305428,1160.00269,1165.048109,1184.543915,1207.721633,1224.77623,1224.67938,1224.242285,1235.917075,1253.353379,1269.87862,1282.996835,1295.806298,1327.388511,1362.496123,1364.094319,1361.585061,1385.881152,1455.827821,1526.101124,1578.324735,1625.788732,1665.316031,1665.464156,1667.125495,1670.722899,1694.154613,1716.859946,1728.833201,1741.592974,1769.558316,1810.473651,1852.692515,1867.866909,1873.523975,1883.934325,1906.445007,1929.13404,1947.059661,1966.203671,1987.669568,2021.337079,2054.750119,2055.469536,2050.110935,2052.005064,2088.690774,2124.846178,2159.344358,2195.493907,2216.978794,2217.598512,2217.324102,2215.029752,2213.473018,2213.771483,2254.143377,2295.214433,2322.199715,2331.512265,2331.172337,2327.554835,2323.877671,2334.243709,2349.701219,2366.11869,2383.371261,2401.667985,2423.93021,2445.983067,2442.350214,2426.333755,2399.590916,2370.628897,2348.808831,2405.881785,2464.51448,2524.153347,2547.216332,2556.326476,2570.678588,2593.908372,2616.932743,2633.075645,2646.359234,2671.672733,2708.995252,2746.537743,2770.049058,2772.16759,2772.711505,2776.383288,2779.329483,2861.393891,2995.457034,3027.160468,2982.488052,2948.159044,2941.148125,2930.350688,2872.278525,2812.273777,2789.407659,2819.68935,2850.73825,2896.411458,2941.830511,2912.018516,2875.566387,2841.745213,2708.64947,2556.463364,2464.494857,2457.824814,2451.268713,2396.714512,2094.572242,2115.949517,2271.81611,2360.658965,2320.955056,2281.443425,2250.213958,2330.946194,2413.602785,2345.322361,2204.412724,2078.234847,2077.051907,1.625
61,65,79.900007,37.279832,0.302,0,0,0,0.0,0.0,0.06706146,0.840428937,9.586427657,117.9388604,250.9362996,380.3060179,447.368598,493.5244878,519.5947503,539.5833867,560.40621,588.4204545,616.9820743,641.0757042,658.5757042,676.3629962,683.5961908,689.840589,705.3583547,724.6627721,775.4739117,853.587548,929.3708387,960.7293534,962.3903649,966.7275928,988.0019206,1009.888764,1019.778649,1021.182138,1021.769206,1031.162612,1042.399648,1053.857554,1065.696863,1077.015525,1093.632682,1110.536652,1121.21927,1126.320102,1133.800896,1147.798656,1163.162932,1175.90605,1183.728873,1191.868438,1204.360755,1240.59507,1308.979513,1372.534571,1409.664853,1437.691101,1464.430218,1486.616037,1507.691261,1530.681658,1554.230954,1575.09283,1605.360755,1635.932778,1662.158451,1681.785691,1700.569142,1719.163572,1740.551536,1760.916133,1771.568022,1780.324584,1808.858675,1840.622119,1874.372759,1896.3113,1917.007522,1930.630442,1943.87532,1960.035051,1988.00048,2016.366677,2047.06306,2078.159731,2101.463508,2110.883483,2114.740397,2124.131082,2134.147567,2150.268246,2177.054417,2207.941581,2234.645006,2256.427177,2275.110275,2291.349072,2302.663892,2302.119238,2293.802817,2305.145807,2331.511844,2363.982714,2367.479353,2362.182298,2363.8137,2383.935659,2370.020487,2339.778969,2327.589949,2355.111876,2389.295615,2418.693022,2455.572183,2505.462868,2555.296415,2586.308899,2618.878521,2653.81178,2684.534091,2709.96847,2727.440141,2744.506562,2758.973431,2778.103873,2796.153809,2803.56194,2828.15749,2884.461428,2935.131242,2941.101152,2917.306978,2910.81274,2917.96735,2904.650448,2846.18758,2790.9363,2767.980794,2812.120359,2856.786012,2874.168214,2870.34507,2866.167093,2862.755602,2834.519526,2753.109315,2646.181178,2558.211428,2514.825544,2457.677177,2354.801216,2289.252081,2309.262964,2373.671895,2408.129161,2357.819622,2312.816421,2293.586588,2328.508643,2347.494558,2329.956786,2289.808259,2260.307778,2255.597311,2.25
57,61,79.900923,37.279253,1.346,0,0,0,0.0,0.0,39.00600649,237.8136364,443.2217532,653.9321429,860.1983766,1061.838474,1166.783929,1226.521429,1272.621591,1311.322565,1346.945455,1375.083604,1402.876623,1423.606981,1433.433442,1443.418019,1486.731656,1534.139286,1559.341071,1579.238474,1631.161364,1739.406331,1846.415584,1911.585065,1928.768669,1944.681981,1957.525487,1970.92013,2003.543669,2046.909091,2089.124675,2084.949351,2078.965422,2090.733604,2112.311201,2133.189123,2144.974675,2156.33474,2179.994481,2217.840747,2254.072078,2266.293994,2277.984578,2308.123539,2353.299513,2371.943994,2375.120779,2392.911039,2445.534416,2496.319156,2548.923539,2605.212662,2661.041071,2688.086851,2711.132468,2734.440584,2773.690747,2814.297727,2824.381331,2828.23263,2838.226461,2865.623052,2892.671753,2904.044968,2896.470292,2889.987175,2948.676299,3008.444156,3019.578896,3018.508279,3017.798377,3024.941234,3032.166071,3034.046591,3032.888149,3032.491558,3029.521591,3025.169968,3029.198539,3040.82711,3053.046753,3071.440097,3089.014935,3093.210552,3094.743669,3099.330195,3098.031981,3095.785877,3093.385714,3113.943669,3126.989448,3124.764935,3121.945617,3123.598377,3132.313799,3136.391883,3135.959578,3136.890584,3129.277597,3118.081818,3100.946429,3078.756331,3042.718344,2998.586039,2966.57711,2981.808279,3009.770292,3036.896753,3062.284578,3085.731169,3111.704708,3140.05,3167.466071,3178.349675,3176.548214,3176.169643,3191.771266,3205.756656,3219.867208,3215.501786,3208.89789,3200.043669,3201.127922,3235.602273,3327.886039,3369.320617,3306.187338,3250.848864,3263.771916,3264.064286,3189.988799,3094.38539,3024.358766,3056.193831,3087.1125,3127.077273,3169.254058,3144.939773,3069.710714,2985.053247,2872.048701,2731.816396,2600.256981,2544.241396,2484.272565,2406.391396,2319.476786,2280.180032,2329.562662,2368.489448,2337.820455,2306.391396,2286.278896,2262.777922,2229.250325,2174.693344,2080.971266,1992.778571,1964.742045,6.45
3,3,79.899901,37.277841,0.324,0,0,0,0.0,0.0,2.254321383,17.14900768,35.1387644,147.0997119,292.109475,435.9740717,525.3514725,590.6693342,626.6165173,646.9795134,664.9316581,679.4113316,694.5352113,709.8180218,726.4198143,743.9460627,774.3228233,806.2664853,821.2485595,833.3961268,873.1038732,957.8455506,1042.314501,1093.840749,1102.901729,1112.216229,1122.050736,1131.713348,1144.002881,1157.340109,1171.011684,1187.507362,1204.264725,1225.283611,1248.550576,1269.46735,1286.06146,1303.942061,1318.004321,1330.231594,1345.089469,1374.653009,1404.884443,1416.161812,1415.294014,1431.200064,1454.850672,1490.354033,1550.346031,1607.666933,1653.128361,1691.382202,1730.68806,1758.074104,1785.654449,1813.307458,1830.519526,1846.06258,1879.600832,1915.464629,1947.335147,1967.102113,1987.044814,2000.901889,2010.205506,2021.56226,2041.041773,2060.932458,2078.651088,2095.008643,2112.884603,2144.742798,2177.341709,2190.698944,2195.691581,2201.773848,2225.908451,2250.928617,2282.394366,2318.543054,2349.306658,2342.800896,2336.049936,2358.432939,2385.15669,2411.483515,2437.079385,2461.002881,2489.398047,2539.238636,2570.236716,2573.37564,2575.96959,2575.960147,2574.535051,2578.037452,2587.684699,2597.691421,2610.364117,2621.450224,2622.930218,2607.014085,2591.272407,2575.545455,2567.070423,2593.324264,2625.370839,2658.112836,2688.877561,2717.928617,2749.341229,2788.191261,2825.959347,2860.504161,2893.421095,2923.918534,2950.721031,2977.537932,3000.205506,2995.896767,2994.899968,3009.832746,3026.524808,3046.721991,3069.159091,3093.067542,3128.285531,3162.828105,3172.632682,3175.075864,3129.755922,3077.060659,3048.838988,3072.164373,3093.785691,3077.940621,3047.261364,3052.972471,3075.047535,3088.584507,3005.549776,2860.558259,2736.783451,2706.987996,2676.984795,2647.894366,2614.326344,2609.481114,2624.668534,2638.201665,2618.319942,2597.430698,2570.192862,2549.771287,2528.983515,2486.308579,2399.996799,2321.099712,2298.088188,2.125
27,31,79.901014,37.278238,1.766,0,0,0,1.421895006,3.583226633,112.543694,482.8284251,841.6901408,1071.942382,1258.815301,1431.852273,1526.394686,1594.432778,1636.894206,1668.557939,1692.295455,1702.060659,1711.995198,1727.962388,1751.471511,1778.802017,1832.042254,1886.713828,1940.50112,1995.073784,2071.806178,2168.961108,2261.809059,2289.928457,2262.126921,2238.12356,2253.37548,2270.557458,2291.877721,2314.609475,2335.630602,2373.886204,2413.819942,2445.890525,2473.071063,2493.81322,2483.518566,2474.670775,2492.622279,2534.049456,2571.224232,2577.372919,2582.955666,2619.518566,2671.815781,2688.21815,2690.179257,2715.202785,2779.048015,2840.130442,2893.935819,2942.87372,2991.462068,3004.784091,3017.524648,3028.267286,3066.598111,3107.473912,3103.244078,3093.194302,3096.337708,3122.181178,3147.384283,3175.277689,3207.87596,3241.31258,3260.421735,3279.334187,3275.203745,3267.244878,3259.103873,3253.760243,3253.994558,3297.411332,3354.913892,3405.623079,3386.729513,3366.041933,3342.897887,3319.231274,3298.464949,3291.108835,3286.701184,3296.873239,3308.885563,3319.212708,3334.724872,3349.639405,3345.426376,3297.525288,3274.239437,3280.117157,3285.21751,3308.940301,3350.822663,3352.571383,3321.390205,3296.810339,3324.06322,3339.073944,3326.464149,3290.604513,3260.955186,3238.107875,3223.93742,3241.247599,3261.816741,3281.840269,3286.147407,3276.385883,3276.72023,3327.315461,3379.225192,3386.284731,3370.891965,3356.547855,3351.770327,3347.300096,3352.215749,3390.483355,3413.351152,3404.505922,3407.125,3429.866357,3462.931018,3475.649328,3470.550256,3472.026408,3480.208227,3469.481434,3385.421255,3307.971191,3265.369398,3280.346351,3291.521767,3281.896607,3263.642606,3242.358195,3220.934379,3188.53105,3083.240237,2931.56274,2798.415653,2728.425576,2653.692382,2573.525448,2446.772407,2449.471991,2611.547375,2746.402849,2690.821703,2632.537292,2572.87356,2553.682298,2532.216229,2496.59443,2443.325384,2400.483195,2391.880762,7.575
42,46,79.901007,37.278745,0.555,0,0,0,0.0,0.0,0.323538961,2.942857143,6.230194805,101.7675325,227.4092532,352.8909091,436.4787338,501.1271104,542.6381494,574.374513,601.2147727,617.7915584,634.9433442,656.6352273,681.9521104,707.5332792,736.6128247,765.1907468,792.0461039,818.2900974,868.1553571,954.2842532,1040.38474,1083.737013,1081.921266,1083.117045,1105.220942,1126.091558,1142.360714,1157.514935,1171.925325,1183.12711,1195.078734,1207.765747,1220.899026,1236.740097,1264.69513,1293.933117,1312.975,1325.801461,1338.548864,1349.550812,1361.153409,1381.880357,1408.685714,1415.058442,1415.567045,1433.28539,1498.709253,1565.531331,1615.309091,1655.339448,1694.326136,1708.833766,1722.002435,1736.064123,1772.899513,1808.823701,1830.637987,1851.185065,1867.498864,1877.545617,1887.061526,1904.085065,1925.065909,1945.934416,1969.641883,1992.593506,2020.494643,2047.821916,2074.670779,2095.742045,2115.775325,2141.915747,2169.614773,2196.088474,2225.212662,2254.32776,2272.693506,2287.311851,2303.594968,2322.848052,2341.913636,2342.492045,2342.864935,2343.514123,2377.821916,2416.184091,2443.034416,2449.732955,2468.034091,2497.606169,2525.994481,2539.776299,2542.388149,2550.546916,2563.555682,2574.527597,2581.487987,2587.668669,2590.186688,2588.376948,2563.123052,2530.025812,2497.354545,2531.428084,2570.269318,2609.026461,2639.349026,2663.076136,2691.612825,2738.480844,2786.84513,2826.841721,2863.901461,2888.819481,2890.300162,2892.815584,2896.156006,2904.317532,2914.494156,2926.39026,2938.803734,2988.996104,3085.564935,3126.124513,3093.919481,3072.314286,3096.576299,3123.434091,3054.013799,2981.564773,2935.3125,2951.074675,2966.864448,3007.999026,3058.259091,3036.261364,2998.010065,2960.238961,2856.721104,2727.306169,2617.862825,2565.830357,2513.106331,2464.858929,2296.581006,2277.098377,2395.794805,2484.959253,2433.810065,2384.438149,2332.507955,2393.124513,2470.259091,2460.013312,2340.930682,2220.751461,2202.533279,3.0
47,51,79.900251,37.279211,1.06,0,0,0,0.0,0.0,0.331786172,3.162451985,8.395006402,104.6046735,226.4427017,347.5177657,419.9162932,473.7888924,509.1691741,540.8153009,567.0140845,581.8098592,595.9651088,611.9703905,627.3106594,639.9654289,658.8101793,678.1856594,696.5771447,710.7227913,752.1141165,833.1214789,913.0857875,953.4553457,960.8122599,967.5305698,973.2021447,978.2525608,986.6714149,996.5867478,1006.533771,1014.779609,1021.208867,1032.362196,1044.497119,1055.861076,1070.646927,1084.616837,1099.102753,1112.133003,1123.737036,1137.837388,1151.852913,1171.291933,1191.294334,1199.628521,1203.685659,1229.768566,1292.453585,1354.273047,1394.473752,1429.048496,1461.018406,1476.383643,1490.752721,1506.546095,1532.099872,1556.925576,1579.212868,1600.431818,1621.65557,1638.1863,1655.756722,1681.28233,1714.184699,1745.306978,1759.96783,1772.548816,1793.539052,1814.951184,1837.987196,1868.708867,1898.671895,1923.966389,1945.669174,1971.673816,2001.565781,2032.068502,2059.06098,2080.912292,2096.46927,2109.31242,2119.179097,2121.015365,2123.03105,2130.855154,2168.510883,2212.290493,2245.275288,2239.951504,2242.704866,2262.278649,2281.450864,2292.427977,2289.455986,2305.252241,2335.31402,2369.93758,2385.943502,2397.998239,2394.463028,2386.884443,2378.24952,2368.296255,2369.725832,2406.65605,2446.264885,2485.453905,2513.728553,2544.632362,2579.459347,2609.630122,2640.126921,2665.684379,2690.772567,2721.107394,2750.738796,2780.235915,2810.578585,2840.950384,2864.973431,2871.746799,2881.52993,2933.059539,3032.804738,3067.113796,3021.618598,2989.604193,3026.824744,3046.829385,2991.322823,2915.652689,2879.366677,2908.128041,2938.290173,2992.664853,3050.754641,3051.790333,3026.90749,2988.864757,2911.776248,2825.949744,2779.379161,2772.215269,2763.255602,2687.110915,2446.497439,2425.391325,2556.333387,2637.387004,2578.816581,2519.102913,2480.051536,2541.146447,2626.715429,2630.899968,2569.585147,2519.358035,2510.288412,4.825
25,27,79.899817,37.278589,0.958,0,0,0,0.0,0.0,0.01313499,0.487893654,2.691723374,78.67225827,187.7654692,296.9295775,378.3769584,444.6825447,483.9329008,506.9200823,525.9870233,536.0680487,545.6540592,557.6068998,570.179617,584.344833,602.5266656,622.4200032,641.9547397,661.7939547,699.6227251,773.6933059,846.4483304,890.6608641,892.096376,894.4975471,900.9531571,909.5833201,921.6520019,936.8363665,952.5557841,970.6068998,988.7024846,1002.456085,1012.307644,1023.298781,1035.731603,1048.037822,1061.608957,1075.942238,1090.28533,1101.098275,1111.7536,1117.721475,1120.576041,1135.495015,1162.11774,1197.423326,1266.913594,1333.936857,1368.74996,1382.308277,1396.290078,1422.141795,1449.845229,1477.402595,1511.932901,1546.060136,1569.291977,1588.953632,1612.132932,1642.197658,1672.407501,1699.622883,1722.670517,1744.548663,1769.677481,1795.042095,1806.916442,1815.326634,1824.069157,1842.930685,1861.562906,1888.507517,1921.826871,1956.339452,1982.884634,2009.141953,2028.17123,2041.542016,2056.276943,2082.495648,2109.306378,2133.125495,2156.407976,2180.045102,2221.627947,2268.508467,2308.496756,2312.894604,2321.589176,2336.44833,2351.844912,2360.51179,2357.953315,2365.61592,2389.586327,2415.022788,2414.207311,2405.842064,2405.571451,2431.300839,2433.9348,2418.220446,2406.976895,2425.414781,2454.241969,2482.277101,2515.740624,2562.667036,2609.287387,2638.350055,2667.186422,2697.960595,2731.049533,2763.098275,2789.16126,2815.408767,2841.430764,2876.18927,2906.336129,2899.80978,2896.468587,2910.741098,2966.040829,3001.379332,2984.194335,2968.097642,3010.996993,3048.923247,3002.237379,2923.823548,2862.081817,2891.026745,2919.610065,2953.189112,2994.369837,3005.991613,2993.073904,2972.965184,2901.45292,2775.846178,2655.798544,2620.804241,2583.372211,2539.419845,2461.030068,2409.344675,2459.739516,2508.751385,2505.351638,2496.842697,2489.096851,2510.922773,2546.681437,2557.254945,2490.451654,2428.413831,2403.188163,4.35
60,64,79.899801,37.279974,0.367,0,0,0,0.0,0.0,0.729545814,4.2821649,8.852191803,108.1335654,227.9128027,348.5893338,437.4294983,517.3669884,553.136414,578.2362716,598.1235955,607.7018516,618.4412091,637.8420636,664.7711663,689.5057762,705.8732394,722.303529,743.9414464,763.8639025,813.3600253,888.2788416,964.5253996,999.3750593,1009.970565,1020.592974,1027.259535,1035.210476,1038.55436,1042.541383,1049.770375,1068.222662,1085.320462,1096.803925,1106.702801,1117.891122,1130.373952,1143.105396,1156.041779,1168.829562,1186.653743,1213.522235,1240.360342,1251.238329,1258.022947,1264.321728,1268.972939,1297.487102,1362.63048,1428.726064,1467.938281,1503.25906,1538.752492,1570.873081,1602.391676,1629.112676,1629.887957,1632.948093,1654.745213,1676.721475,1703.398323,1733.329324,1763.506409,1788.545656,1814.661655,1836.408134,1849.482355,1866.244342,1898.187846,1931.094319,1959.955847,1987.868175,2016.708182,2040.989872,2065.27805,2091.686976,2127.898876,2164.199873,2183.772116,2202.151765,2223.559107,2247.233898,2263.39579,2254.15398,2244.319196,2241.146542,2276.95379,2312.786517,2329.120589,2326.941605,2332.956955,2344.667827,2354.742523,2371.395157,2388.575408,2424.11236,2465.810888,2497.391676,2490.191803,2483.747745,2479.925305,2476.70106,2454.923564,2432.75455,2420.238962,2469.393733,2520.61054,2570.336287,2611.444691,2650.208736,2674.082292,2677.580313,2680.873239,2715.688084,2752.752967,2775.097959,2785.504352,2795.355278,2831.032917,2888.004906,2913.263966,2918.314607,2920.321728,3017.06251,3152.412249,3155.713088,3106.927995,3098.340877,3132.885741,3143.885108,3072.258427,2998.030226,2969.056971,2971.305903,2981.309068,3051.218705,3109.344833,3055.080551,2998.757557,2943.563539,2827.758506,2707.808831,2641.433296,2618.667827,2598.55167,2510.088147,2233.287545,2284.625099,2407.989714,2457.743472,2418.213958,2378.01725,2355.463364,2417.840006,2487.648046,2445.198133,2365.610698,2296.256686,2294.279158,2.15
20,21,79.900335,37.278181,1.993,0,0,0,0.0,0.0,35.42237696,136.0167748,236.8460199,386.7203671,540.260959,693.2437094,766.3869283,831.1566704,858.2660231,879.8995094,901.3313815,920.6178193,940.3663554,972.7056496,1011.122646,1047.689508,1074.011711,1100.085298,1124.02263,1148.046526,1213.912486,1307.11774,1399.981801,1435.379332,1449.362716,1462.681595,1475.664979,1489.107612,1496.686343,1504.284697,1515.009337,1536.657541,1557.745371,1577.578414,1598.629688,1613.761671,1622.275835,1631.253363,1656.412882,1685.504194,1714.862636,1742.707865,1772.161734,1781.251622,1788.128501,1794.551828,1802.135306,1843.41937,1915.821332,1986.399747,2019.150657,2050.354961,2082.885108,2118.273303,2153.155879,2181.704067,2191.388353,2208.099066,2238.24545,2268.3116,2294.629846,2319.675423,2344.780187,2360.290552,2375.575566,2393.359551,2415.893654,2438.929103,2464.237538,2489.555784,2505.161418,2513.448489,2523.977528,2550.371894,2576.246716,2600.544706,2618.814686,2639.051274,2650.558474,2663.437411,2674.454028,2685.779237,2697.059345,2704.14037,2713.240703,2725.697737,2752.488368,2778.01899,2791.737775,2801.884317,2810.452762,2819.417629,2828.546289,2840.067574,2849.932901,2851.137997,2852.637759,2859.094002,2873.113942,2887.188479,2873.99636,2854.487577,2823.502611,2793.962494,2781.590125,2801.883684,2822.562906,2842.614812,2871.852034,2903.214591,2940.292293,2982.612913,3023.652002,3056.233265,3090.334388,3102.736984,3108.136414,3113.329166,3123.40671,3135.05159,3148.7373,3163.605317,3176.564646,3229.83241,3287.356386,3295.461782,3297.977053,3308.415256,3323.979427,3303.338661,3222.856306,3143.844596,3168.66213,3220.807406,3243.905048,3190.063934,3149.24007,3147.089413,3144.558949,3110.781295,2970.435987,2826.809147,2795.92752,2797.003323,2797.749486,2680.771008,2447.335813,2523.263649,2602.842697,2631.371103,2635.849502,2640.958854,2642.945719,2639.982592,2631.388511,2519.689983,2405.870549,2341.686976,2341.897769,8.125
8,8,79.899038,37.27841,0.206,0,0,0,0.0,0.0,0.0,0.0,0.407810499,75.52768886,174.6395647,274.4579065,345.5340909,407.7474392,447.4583867,478.5102433,503.7863316,516.7205506,529.6693342,543.0707426,555.2952945,565.8185019,578.6760563,591.9710307,609.990557,628.1598912,668.2983355,740.1771767,813.1552497,849.5390525,848.3353073,846.650128,847.762484,849.831306,857.371799,869.2893726,881.7778489,891.8447503,903.8492318,908.8634763,909.8738796,910.7852113,925.9353393,940.8972471,955.893886,968.9806338,981.796735,989.6426056,996.8484315,1009.846511,1026.759603,1038.899968,1051.232554,1079.492478,1149.960147,1218.798976,1251.658131,1266.572663,1281.707586,1300.237996,1317.508643,1336.603553,1368.831626,1402.349232,1416.706466,1427.481114,1443.556018,1468.726152,1493.49856,1520.043534,1547.683099,1575.78201,1594.471031,1613.511044,1632.711908,1653.949264,1676.09443,1708.144366,1739.912132,1766.18886,1790.893566,1815.665653,1849.31178,1883.106914,1905.111236,1913.573464,1920.970391,1934.822503,1945.503361,1954.96767,1964.691741,1976.458547,2003.323784,2032.919334,2057.233035,2070.06402,2082.608515,2095.569462,2107.196383,2120.570262,2131.600992,2141.866997,2152.222631,2165.085627,2182.53073,2201.074904,2211.713988,2221.887964,2215.809379,2199.107394,2189.0008,2217.447183,2252.638444,2287.524968,2314.149488,2337.298335,2361.850352,2397.517286,2433.741517,2463.899168,2492.091709,2521.036332,2542.550736,2562.973111,2584.025928,2607.128361,2630.28201,2655.485755,2680.681178,2715.477273,2762.939341,2795.288412,2803.900288,2811.096991,2856.983355,2892.879802,2847.419814,2770.93694,2722.170294,2735.953265,2750.692061,2766.398848,2783.449584,2787.428297,2786.065941,2773.756402,2697.338828,2580.653169,2492.872599,2473.060499,2453.246639,2403.395807,2273.491997,2249.910371,2320.518086,2383.425896,2380.885403,2376.661812,2374.245038,2382.661172,2393.260403,2350.620038,2245.798496,2152.354513,2128.693182,1.475
66,70,79.90122,37.279401,1.691,0,0,0,0.0,0.0,41.75048015,165.8990077,294.987356,489.9614277,701.6560499,904.7456786,977.4114917,1015.206466,1046.703425,1076.611556,1109.076665,1144.75,1182.50016,1210.794334,1230.002881,1250.320743,1280.168534,1309.327785,1341.986236,1376.152049,1449.065461,1561.822983,1671.875,1717.546575,1720.854033,1723.733195,1730.528809,1737.915173,1757.308579,1778.769526,1798.773528,1803.645647,1809.372439,1827.174136,1848.619558,1872.754802,1906.040653,1939.513444,1957.743758,1966.154449,1983.482394,2020.725832,2060.178457,2089.862996,2113.641965,2122.239277,2129.972951,2161.525448,2230.404129,2296.180538,2348.852913,2397.579225,2443.201825,2475.53089,2508.74936,2538.573624,2542.835307,2547.511364,2585.214629,2622.454706,2640.303617,2636.034251,2631.484155,2637.986556,2649.995519,2667.828585,2699.961908,2730.825864,2740.09363,2748.942382,2758.59331,2771.388764,2783.240237,2797.022087,2809.408451,2819.449584,2818.204225,2817.381722,2826.40637,2837.742798,2841.891485,2832.742157,2824.1879,2830.053457,2835.858035,2843.986076,2849.572343,2855.707426,2863.974552,2882.132682,2899.56194,2915.767286,2930.658291,2911.462708,2876.669974,2888.71991,2918.168534,2943.477113,2934.676536,2923.634763,2898.119398,2863.564821,2815.089629,2768.190941,2732.713188,2771.276729,2809.178777,2845.613956,2868.716389,2888.12356,2910.49968,2932.458227,2954.473592,2975.095711,2994.987836,3006.618118,3009.40477,3012.859795,3007.901569,2985.113316,2975.021927,2986.085147,3002.916933,3074.098752,3166.105154,3156.690141,3095.581626,3061.621319,3066.614277,3060.632362,2974.791293,2893.626921,2860.380762,2874.273848,2892.34219,2891.083067,2883.026248,2875.523367,2866.451184,2851.432939,2704.133483,2539.204225,2426.886364,2370.871319,2311.760243,2221.785371,1995.971191,2019.988956,2131.022087,2160.766325,2069.304257,1978.331786,1913.173656,2008.055538,2097.96783,2049.4992,1943.943982,1850.994878,1852.504321,8.375
38,42,79.899763,37.279169,0.294,0,0,0,0.0,0.0,0.197183099,1.596510883,3.348271447,96.5072023,202.6930218,309.043854,402.9145327,495.0102433,511.0473752,510.5680218,518.6854994,537.9321383,557.9159731,573.2203905,587.2752881,600.9090909,624.6192382,648.6016325,657.8533931,666.4396607,704.9860755,780.6983035,857.1579706,901.7029449,923.3927657,939.0774648,939.8725992,940.2824904,955.06258,972.4580666,987.8145006,989.846831,992.740557,1014.921095,1039.489597,1056.666133,1057.330986,1058.368758,1071.159251,1089.274968,1105.159411,1118.944142,1131.014085,1148.788572,1167.669654,1172.737836,1174.148367,1205.404449,1273.068182,1341.441101,1386.965589,1429.590429,1464.71719,1470.106434,1475.028649,1484.341229,1508.974872,1533.40701,1555.150448,1577.802817,1608.401569,1645.136684,1682.474872,1700.236556,1713.113636,1732.911972,1769.677337,1802.769526,1815.385083,1827.706306,1849.042574,1889.260563,1929.512004,1934.716229,1936.682458,1943.410531,1973.177337,2003.793534,2044.916453,2089.604513,2114.93854,2113.712868,2113.464629,2132.920775,2153.011844,2174.067222,2203.048816,2234.692382,2263.557458,2292.107554,2296.215109,2290.369398,2283.338508,2298.760243,2318.864917,2336.700864,2356.253841,2381.151889,2423.088028,2466.254481,2445.289853,2398.321543,2388.830666,2379.431018,2380.357554,2434.509283,2489.525128,2545.021127,2562.518246,2572.049936,2592.076024,2628.59347,2664.889885,2678.400288,2690.353393,2722.669174,2771.790173,2821.283611,2854.118438,2866.431978,2872.984315,2874.691581,2876.737836,2957.241677,3080.475832,3120.098111,3106.011684,3096.698464,3095.734955,3085.954225,3010.513124,2932.556498,2914.223111,2955.558259,2997.253041,3046.599872,3095.180058,3070.915973,3043.764565,3019.330186,2899.372119,2768.662132,2699.537772,2705.108035,2711.71927,2650.746319,2351.990717,2399.898848,2545.409731,2610.565301,2564.304097,2517.283131,2487.828745,2566.074264,2645.235595,2614.820102,2545.370839,2487.637484,2487.121959,1.325
