id,Lon,Lat,TS,EC,Raw_b33,Raw_b45,Raw_b51,Raw_b64,Raw_b39,Raw_b27,Raw_b57,Raw_b21,SNV_b25,SNV_b14,SNV_b27,SNV_b101,SNV_b79,SNV_b73,SNV_b90,SNV_b66,FOD_b108,FOD_b27,FOD_b24,FOD_b19,FOD_b110,FOD_b104,FOD_b122,FOD_b18,FOD_b29,FOD_b82,FOD_b124,FOD_b120,FOD_b42,FOD_b44,FOD_b80,FOD_b40,FOD_b85,FOD_b102,FOD_b112,FOD_b17,CR_b47,CR_b53,CR_b64,CR_b61,CR_b41,CR_b24,CR_b72,CR_b80,CR_b26,CR_b69,CR_b22
0,79.899092,37.278009,1.675,1.85,1017.3804672062968,1166.2977607366001,1270.0580320186518,1689.2276634615432,1099.3450868228472,863.7546645762263,1525.176168552452,673.0543275016337,-1.626738553964414,-1.8855196985572882,-1.5092141405582549,0.5234771129337973,-0.0726586381014773,-0.19680766492636062,0.27834219679069944,-0.4168057246233085,3.7560607698453023,36.11156409699522,30.822760825708922,15.625385331695549,12.934557951430422,6.009084622631955,28.42792782513258,15.452994526873216,30.86869198766696,26.5144184237551,26.470818723013476,30.700510400762983,11.870016508349252,13.333189195062532,21.475886884657825,11.113140331046877,28.171703238504005,11.256201915660137,24.25285060205558,15.28060372205097,0.8892460355921005,0.9099440749448112,0.9806911376383577,0.9826853368835374,0.9175262660246629,0.888304232251997,0.9906157813540567,0.9719868299189993,0.9331462519100343,0.9877477397143537,0.8889866114356638
2,79.899496,37.277933,1.65,1.713,921.65503255618,1054.506071106297,1130.0801525221477,1544.718859470867,982.8815736293735,757.2862659850839,1377.2974356317054,606.0296053927757,-1.545321078494719,-1.7549742215563149,-1.4529243928720772,0.42564482787216634,-0.15861920008065677,-0.2874656864257734,0.17876933692278152,-0.5032763448721673,8.697786357406223,33.258064354738394,25.506938376895604,14.64437782579171,17.677044757787694,9.825912169591046,24.78772732983689,15.854662830686815,30.601945029771233,26.97053433719014,23.839825712417934,28.496010230960014,11.361376889120603,11.680115886234397,23.47299670387802,10.635377515679208,28.555052943822904,14.983885351621185,28.88085842860782,17.064947835581947,0.8565955967482839,0.859823407562023,0.9420595151990997,0.9394093686165558,0.8958445329138475,0.8837091965334061,0.9673228857184936,0.9604973599951311,0.9203077283710849,0.9549183091234857,0.9015798869971818
3,79.899901,37.277841,2.125,0.324,1136.0789047948751,1337.0336293846194,1440.4515875967409,1885.5335915711012,1226.6864344638732,962.1963889377652,1690.5673060745971,750.1722285375313,-1.7192777083324624,-2.0252552900035217,-1.5815223730688839,0.5979981974943592,0.05626816589364041,-0.109593016532658,0.32928934272988686,-0.2672877294807492,1.6589509111040297,40.996769462140385,35.22684564396069,18.151217179402686,9.562328954884537,1.5232793044500983,22.695924941831002,17.1647191181902,34.61372605719018,20.29029811290532,16.967251590824414,28.873338953549595,18.400276835261778,17.700494809875043,19.938840460860394,18.329816372727326,19.29306839942789,4.261893699406661,20.43091371720711,16.178221056977808,0.9178709805265033,0.9186753266067771,0.9958301398040239,0.9914818873172869,0.9344746423444278,0.884226743230621,0.9885926952309219,0.9861195124875555,0.9268801022833859,0.9977303721618543,0.8862091686562596
4,79.900168,37.277689,9.0,2.19,1349.4968487599108,1533.2923754965082,1628.4769835198183,2022.600137811195,1449.7758213123584,1192.5016506137565,1872.1160963053667,939.4924003720307,-1.7362597777838544,-2.0973629603055346,-1.5605219702763724,0.5850132276273864,0.06693321764512218,-0.07355476843646865,0.3205993783034507,-0.29658227561706296,0.796026908243293,44.85613060458796,40.6936591767007,18.925128012036808,7.980675344479792,5.107011978215803,17.02868405469388,17.663430119901847,34.96334990618785,19.235738666560735,16.607515839394008,19.455542672176374,14.917052108116167,13.647266225450359,23.37492028575973,17.1324392757788,11.291247830197095,11.593747457300372,18.28136762941303,16.401732227766963,0.924229632323225,0.9353068195629703,0.9860774662710272,0.9874067010576765,0.9498448838272199,0.8939784037361329,0.9978862084169048,0.992503451982463,0.9404293610839926,0.9952773453525188,0.8906767594000199
5,79.90029,37.277593,6.45,1.433,1367.5904272797243,1553.4073836993052,1648.3621802517532,2084.1841974708686,1437.2991838298412,1194.0623089291412,1887.3370053496562,956.1592634916111,-1.7637046397948022,-2.221295357292425,-1.5915275221770275,0.6678490501627662,0.20485398488777212,0.027833187233305048,0.40119270551780206,-0.16225703406403336,-5.690592836300114,43.76494041172719,39.20433363948519,24.327442902681046,5.7017548655435535,-5.852913139690613,13.68724450254297,24.697326804518656,35.87353295931986,15.82427701159149,10.546168826637057,21.247503798580283,18.371798554100476,18.008026249205386,18.17975681290534,16.924545828840895,10.153630671922071,0.7069750130112324,20.11111856336095,25.067210706356324,0.9277999417075197,0.9266180631662654,0.9987711349215534,0.9942280963643263,0.9354345428285546,0.9165940090808491,0.9956546808588422,0.9989418287694002,0.9511133165200126,0.9971019657991717,0.9216627962615415
6,79.900526,37.277616,3.8,0.867,1610.1701575734314,1827.5508854918469,1919.6955352097957,2366.23555886714,1732.0539672890495,1446.5179779697014,2176.6568173799596,1172.9708537319382,-1.788182183197011,-2.208918379541308,-1.599548957291355,0.6366716223900599,0.16528209764088536,0.034864566230818426,0.4005770386957087,-0.16930270351167545,-2.9171876933036502,46.87086836492913,44.007618790845626,22.4339224860356,2.1306567350497954,1.5469495901038854,24.09056703210431,20.826356088819733,36.75508479476594,16.06774090606061,19.776430028968072,27.651119845857256,16.33274596465358,15.543606368701045,18.8606198171859,17.215021373384243,11.842569952426395,4.863513248760354,11.654030332867153,19.218789691603945,0.9359110097664943,0.9392592018835652,0.9907248044564478,0.9843077907965398,0.9548500279522122,0.9155111294087287,0.9971854951633029,0.9939620750332561,0.9556867077116111,0.99999999999996,0.9131335413765452
7,79.90064,37.277475,12.875,3.13,1332.7896825524513,1500.0045430606106,1579.0896077902144,1984.934127317022,1399.0794044708666,1182.0681029342693,1823.5060022540847,948.4605659517512,-1.7671771569686394,-2.23934154581772,-1.5778345353282561,0.6424744728985875,0.22693772561381634,0.06760229545296378,0.41162701798274687,-0.13071542986579093,-5.978406538694647,40.99878839447564,37.668852125054144,21.632891664893382,5.126456349014657,-6.451563550095383,14.23243465443956,21.718427236817583,32.68628142178648,13.503934927929674,12.71119159887693,19.452179905891125,16.02767564549696,15.09466707266376,15.868629671159189,15.279607545221491,7.970848281479126,-0.4626728228226365,19.222211351133794,21.80396280874183,0.9276570539691248,0.9299828493845533,0.9983767806303497,0.9918614345404496,0.9398286353052517,0.9171364245711753,0.9980108986613836,0.998363548411969,0.9563237730398617,0.9954178044506329,0.9180802891907741
8,79.899038,37.27841,1.475,0.206,856.0637839426599,965.9251852000029,1037.5501284228467,1410.3748455501209,904.8404505752942,741.3548671447575,1264.6443330116585,564.5296822083933,-1.576246178796833,-1.843443538778296,-1.4492594073984084,0.4880113797178529,-0.03579269677138399,-0.2436420166439216,0.24798011503802705,-0.4676341688182927,7.9258741997245545,32.924143408735,28.500177508287855,14.456915315942176,12.902189824433183,9.69918984871797,25.065869096037364,15.199085646082185,25.863863627563124,23.748835353443617,24.87091512475111,26.90812263877948,10.08938798549483,10.90513458913755,26.67142385265954,9.057424180686619,16.490039271349954,11.913248625280813,20.504510305149445,15.941255976222237,0.8421041161616813,0.8575656364931418,0.9361816157352314,0.9288425876549428,0.8682629078756976,0.8752093889539981,0.9578847098617345,0.9869564569925304,0.9292831518109826,0.9477170963284743,0.8823345804657667
9,79.89942,37.278257,2.0,0.31,820.8442512014011,958.8930739540822,1019.6425089806557,1392.379020797207,892.6787477519839,687.5134993557131,1249.6204348904466,518.0989574783232,-1.6060736255500847,-1.840290304838582,-1.4870518450137318,0.5430525784287445,-0.05567658038516441,-0.24196886923611666,0.2553621993156399,-0.4159752664541172,4.52867660394154,32.50741964195177,27.411330305664414,12.106776941714553,11.479109239627078,7.00318396520451,25.648983276690053,11.6671679696458,27.13996920093671,25.191410487751707,24.554902451896638,27.279864566052233,11.26828480005091,9.910834626281035,26.85629959637641,12.599030493541047,17.991276964717162,11.352049901059557,20.874761889362194,11.227558997577097,0.870883079756399,0.8773137130615944,0.9586453343096235,0.9520960903352133,0.913249228099348,0.861038835572659,0.9664835928714022,0.9790428222948314,0.91640611589617,0.9715074559632987,0.8590018750928494
10,79.899511,37.278147,2.125,0.35,874.1311539512847,1013.5420798482548,1081.140410836833,1478.1933084988389,940.8088302109586,750.2358983510511,1337.4927506386985,570.2976721237778,-1.6262422845043827,-1.9278795199925394,-1.4984810843760104,0.5715612230059193,-0.019539274779732965,-0.193169005957901,0.29202314745261687,-0.3870125115902555,5.185494367471902,33.11664639368095,29.240244313566514,16.44245029610957,13.240158275588051,4.762689801038406,21.477417240877394,16.858811829395066,26.656985896022537,21.530394343123607,19.51621699866507,24.11700132996408,12.03243444911003,11.557241945893239,24.20111165588053,12.067939238741305,16.50058829179917,8.979600268573888,22.616643476986653,17.27517336268061,0.8730189257478309,0.8896007790170222,0.9737439216549347,0.9670088261664136,0.8995416289204832,0.8872278246281768,0.9800047661420919,0.9892487511679061,0.9353423933506433,0.9803515286894503,0.8925956932311404
13,79.900274,37.27791,4.95,0.91,1326.9752891025682,1474.9512154009367,1583.7476983939443,1950.2005581794929,1414.9352110862515,1196.2541434461573,1813.5056380000055,950.2514232892802,-1.773908875279098,-2.19417737385079,-1.5557797059428509,0.7093063473750537,0.3665915542267518,0.16632318882795644,0.5213387226523588,-0.051251860894458975,-4.249595007374444,41.23069124357714,39.16481151524698,16.234301624488605,1.645129362343767,-0.3893849416402169,13.710402551366865,13.89413060821176,30.795066418764655,13.521222815575356,12.951364897584282,17.41403781489727,11.654108705212975,12.199314657766488,19.599420978173367,13.30313478281418,2.8265876048527487,4.820076777707108,11.265916423818679,11.55395959193503,0.9195074320186644,0.9449661511430405,0.9967592106916779,0.9999999999999474,0.9417086292358603,0.8976962132442369,0.9962614305786855,0.9960330146192794,0.9456909506458282,0.998122417379652,0.8884893704224839
14,79.90064,37.277814,10.2,2.37,1179.975178750586,1311.5119219417288,1376.6851514242464,1705.9716741981404,1230.6072080419617,1017.7561938277419,1564.1574517226154,840.1854352016342,-1.7632764188305468,-2.1620061078671675,-1.5730571993783933,0.7013478877418606,0.2740350343193183,0.09604387369704837,0.4946125091438055,-0.1464676816638505,-7.099249255774543,37.486411923163914,30.53075223409842,16.419947236789874,2.7837749665183362,-5.574990781055337,19.751300758635374,16.59144111310818,32.137035056283196,12.453075724306032,19.821659440686624,21.709309026128498,13.151169146535324,13.802929596439965,13.924601843505021,11.62000405354951,9.250189720343316,0.9022918944691581,15.573983556601005,16.76293498942657,0.934135885298605,0.9313135487408439,0.9929626177615417,0.9908462109407296,0.9344172379452286,0.8967856039571923,0.9993334790921623,0.9999999999999489,0.9266820065394353,0.9944301141519739,0.910031859139792
16,79.89913,37.278574,1.775,0.26,806.5429568186505,939.1236242904458,1001.448359613756,1374.3152740466242,872.436361884385,681.5704149592095,1208.0523315407959,509.9043462582765,-1.5888871068223571,-1.846503789399597,-1.469413420310435,0.49178774874203557,-0.06912418779869174,-0.2275557218270269,0.26074494636191065,-0.4291549157310668,5.107337835367638,32.184944294649384,27.744107793945833,13.721991992733836,15.18834984490361,3.1597141705446092,27.955890167620325,13.871277007977723,26.338690160976984,22.71583851930502,26.571698628607813,30.278763752892626,10.614130170099637,9.691192910784094,22.500620244204363,11.001963138101338,20.693523913201997,6.976500409260492,26.178717611231278,14.020562023221634,0.8580651941918401,0.870849868488611,0.954761711493837,0.9365851074925811,0.8965202366902864,0.8701306566133301,0.9721056790003243,0.9733197297579077,0.9221671258045944,0.9697131102986568,0.8685029744991632
18,79.899565,37.278535,2.4,0.402,863.6524926156203,1005.9903227648049,1055.9560862610754,1466.6675315151558,921.9990337389306,732.0979401494194,1291.5833580093279,559.71562479837,-1.5912010956397946,-1.859724838514351,-1.4755507017811118,0.5169653642193022,-0.05214843915890754,-0.24239354483899872,0.23283310145872882,-0.4132990303443549,7.780671292667977,33.214727721068115,28.45511766036456,15.567162990237573,10.897202542530238,7.096654718181821,30.13299581438876,15.603703761344534,27.19915837103208,26.13324188427641,25.80472094028405,33.807551907819594,13.381543020074197,11.799071214312383,27.295754725492756,13.341066272699763,18.088699564547642,8.312888952828967,16.85845179718164,15.640244532451549,0.8661477025481223,0.8596289806377772,0.9610167973866698,0.9427759603196991,0.8945244207633188,0.87953426901052,0.95880023027412,0.9756231922170279,0.925578657190344,0.9618727279457332,0.88509202810168
20,79.899885,37.278261,2.175,0.3,916.6036418137556,1088.0881313939426,1169.2163509510524,1607.6976867249464,995.3404819690007,761.7736006216807,1420.9922141794914,590.22795387506,-1.619789267130969,-1.8467327536220453,-1.5140797456633324,0.5401009044925198,-0.06223420733095469,-0.24138817314191766,0.235182630411202,-0.4101113620545182,5.545969845009592,34.75959502869473,28.805902815306297,14.846061515314913,12.932565447806827,5.5052647929010226,24.970626943483865,14.387109280127639,30.129458894560372,25.297821437762305,19.413554852998587,31.26774049080319,15.526471625439743,15.0537235723946,24.861777466603172,15.276001262432764,22.740524592434916,8.642690484467044,22.791529505043513,13.92815704494041,0.8823496567172807,0.8769139811415828,0.9703734944273513,0.9663842193626263,0.9064333838691101,0.8736414425702108,0.9686764107880257,0.973090700627313,0.9147607727809667,0.978801330577707,0.8799971705330671
22,79.900587,37.278074,8.275,1.972,1984.5643474265794,2210.2292655827573,2322.649813048958,2765.773394699309,2112.8697343240156,1811.0891707738979,2590.430288142199,1489.3248406946432,-1.8907427254829061,-2.420845893827336,-1.650541534763614,0.7256050789804873,0.46211719691095837,0.30505624667427006,0.5935651115260698,0.1028760679469958,-6.931931923352398,51.39740922826883,50.66734848097068,23.26485913401209,-1.3827412936426973,-1.2377285035812837,14.2314123474889,19.401983133262224,39.1884113495869,7.734115330493799,14.81578804990469,14.421171948802742,17.847513322928613,16.487899988917185,15.04715550277609,20.521631911294836,0.47574940436538593,3.8648869320618346,7.358060457236741,15.539107132512495,0.9514075438656866,0.9528004630087219,0.9972025847509017,0.996979173822391,0.9718905186667033,0.9257415931485302,0.997570103501687,0.9974738461665871,0.9636209772639862,0.9999999999999654,0.9139162022066708
25,79.899343,37.278707,1.675,1.876,934.0438538463898,1080.153253692311,1150.946461491845,1574.445877233105,1003.0489264848514,782.1164331885805,1391.4805852564143,606.987961672729,-1.6299314305738237,-1.9042564984229278,-1.5104679003317862,0.5452266124744776,-0.015736247497306705,-0.1656573887447048,0.31738174732468316,-0.38332854684832446,6.341419086755688,35.054828568421364,29.199230195857254,16.33129905961248,14.132437699660981,3.046489792625588,27.433858107183806,16.85958053109163,30.155618714729897,23.392456739711868,28.21785151121008,28.801088300911328,12.79623905841072,12.901600412799361,22.681955631193116,12.294550368323833,22.064012521106232,6.126415807861897,23.785573467323648,17.387862002570866,0.8821473355731969,0.8827851846488846,0.9772416432301881,0.9670491307931152,0.905707974376969,0.8819035192303695,0.9977092662102399,0.9915194247462523,0.9247663437333953,0.991530306791029,0.8922192834684158
27,79.899817,37.278589,4.35,0.958,914.3693810321705,1076.417455848488,1143.5937703776258,1565.379585631706,999.6131761097931,775.9284121459231,1381.8256999021019,584.7306956228456,-1.6189007598993137,-1.8620183681257705,-1.4974273455727634,0.5635447850173566,-0.062848784285006,-0.19867533356277692,0.28195573696055376,-0.4144083404836937,6.129253106060606,35.59512234999163,30.894331570231078,14.184146290466442,12.766963092604435,6.416298193960572,26.966698014960897,13.563315332922743,29.189256396855356,24.46405505961014,23.55608155944068,30.792740346492966,12.778181224244586,11.656023718879048,24.403199884318777,13.610452938067423,22.486994702712515,8.815595236384853,22.59809273733852,12.942484375379085,0.8706333441570111,0.8752452361580215,0.9584459077884357,0.9442931445200293,0.9076157614713682,0.8673444680280493,0.9782924572600459,0.9688745053300788,0.9225636481656411,0.9734933256866034,0.8657828958562996
28,79.900068,37.278535,2.4,0.388,889.5731471361331,1017.1187002769261,1094.7806690629402,1501.083397589748,943.5249937552475,722.3316391888134,1326.1341288741296,576.2405442974376,-1.6272077516071102,-1.8881156813478361,-1.518747393379475,0.5957611540916502,-0.04833911359795074,-0.1841051151962404,0.3382320532036565,-0.4184813367776023,6.010064935855083,33.12742916724952,24.90597697324865,15.7689728651454,13.642486002564166,6.677599563530424,21.256992371922113,17.718555804085085,30.868605762935037,26.842288116889243,21.5490183615809,24.730858172621403,11.928738347940287,12.975801853267686,22.702079265458853,10.232655063818635,27.76694186706941,11.344886644352634,23.28692270139867,19.668138743024798,0.8701325139417827,0.8647257526228047,0.9596861963808698,0.9574659529673201,0.8980858638838968,0.8838762093260002,0.978662494539313,0.9699668115860632,0.9187298118266191,0.9694729505096454,0.9084075301732145
31,79.901014,37.278238,7.575,1.766,2270.3321235104963,2524.9730752727346,2670.617021300707,3090.6972334359066,2440.4625805198207,2162.448729652687,2934.9294380606143,1788.3859763822898,-1.777605001386312,-2.4952327153690677,-1.4959641856497876,0.8113998377835929,0.7863857462209398,0.6936796557199858,0.7814228413670963,0.3901425795492031,-9.589661427039706,48.52767530860366,56.408829958254,27.244450023247172,-3.1462589687010443,-6.172894944649291,5.380695161199457,21.676312485899462,31.869289195846683,2.3111923976054425,7.585564117736856,6.693553247340566,17.31210336389071,17.889892412206034,10.9251589717737,20.631185404407756,-7.666593140326392,0.0632758999364661,5.507069155922841,16.108174948551987,0.9536086041991515,0.9613356001689956,0.9946209839024484,0.9999999999999672,0.9698831660920916,0.9456126710009234,0.9999999999999692,0.9972033355369796,0.9835017078149252,0.9927300503062642,0.9255945079804792
32,79.899237,37.279089,2.15,0.313,989.6004165249446,1110.6450651398634,1163.937747435901,1514.955764552452,1046.421883104432,854.3709226011681,1365.0085317109597,667.1946584731954,-1.6711336017117613,-2.0876839737686455,-1.512058318366907,0.5971591573171309,0.1561031814091838,-0.0013919955657252991,0.4165028840432159,-0.26687165908046984,3.180461914642953,33.81633115042393,30.232726778493422,18.456413330085038,9.999724742191171,2.5009961712227198,20.607427724814645,19.133417381383925,27.962675097213467,15.52817270752283,21.41987436916727,22.034781415299918,10.42585655836622,10.344205755160043,15.599093611655054,9.847026750731098,12.843273314600593,5.48347268830263,18.18476968302613,19.81042143268285,0.9029932293811848,0.9009238856328201,0.9797017816013556,0.972354561507372,0.9247686066453995,0.9102386748858798,0.9982836012994398,0.9963551941798878,0.9505491736377633,0.9865545274013668,0.9140465509840231
33,79.899473,37.279028,1.45,1.639,928.5064468030332,1035.413296422847,1119.5414071165535,1463.9688573939438,983.1934104662034,790.6139008834523,1323.8104737226145,612.2995323062955,-1.6309063099069903,-1.9165198928226406,-1.4932020254896277,0.5682327685319313,0.007083130814464195,-0.18169096519530517,0.2904863379377802,-0.38295682795099995,1.321668865903821,34.86764580000858,29.975115092975297,14.817231368875007,12.148252292731534,1.4569456055732704,22.69958534664132,13.684663401011274,28.43565107445866,19.818845931214295,22.465256306378524,25.93067520781955,10.026489273994528,11.25596652083283,20.146339334181032,9.564788495058313,16.89645642008904,7.214801536109406,24.684031163551648,12.552095433147633,0.8836661097653932,0.8875375357405995,0.9700264361367134,0.9744829116175359,0.9067878425123136,0.8743986863531449,0.9805802981746117,0.9896168247453799,0.9161108301461629,0.9840162904904318,0.8769263578644372
34,79.899763,37.278963,2.3,0.332,871.2280125284408,999.7927588055974,1058.8008102797235,1419.563942836834,939.8792851662032,741.2545680333355,1271.8504168461577,566.5212986734283,-1.62721112616955,-1.901560791407742,-1.493441393686797,0.5635043942091867,-0.04482878368534248,-0.18654166077941312,0.31153361889729486,-0.40784653821058886,4.738257951854241,32.97759851984327,28.006354133051566,13.24722214306871,13.614076057257952,4.172016421021401,18.94693954378049,13.40306605325173,27.271531404070846,22.001477754884572,20.33558600896382,21.521343840389953,10.165836815494846,10.268397581640212,20.93246929563472,9.913799744363251,21.087190080843474,9.821811749947038,23.761219333100353,13.558909963434823,0.8887464200497378,0.8837102002207438,0.9733382543438741,0.9684910673724907,0.9183127340020665,0.874192444914158,0.9867309945383629,0.9810124791945875,0.9269217307150649,0.9831234868890403,0.8751154895266842
36,79.900351,37.278688,4.65,0.961,965.57453417949,1124.9387133193507,1227.1239930699337,1652.0663386270444,1044.0646664382316,816.109601764105,1473.2951320909135,617.55303935851,-1.638852519843215,-1.904815231180585,-1.5165401495910251,0.5933049094274576,-0.0037306594660441376,-0.18854563389130619,0.3074164862748501,-0.4057927666821434,0.14167508075857066,37.05114290335039,32.02418620584667,15.923510504897472,12.344868294850624,2.9798838113371464,24.20487047079899,15.688055446170885,30.81997512355168,24.21471986452646,22.708965014007276,27.577857559970422,14.310522272947702,15.819000519338887,24.613232755944146,13.03607145571735,22.684833525238453,10.967609435155811,26.558946222843915,15.452600387444301,0.8872825745290456,0.8887392190537436,0.9731924136651257,0.972715591249412,0.9048190238042362,0.8767259751512859,0.9826167432306884,0.9884534819500715,0.9284873564320277,0.9807557742316679,0.8752674123745707
39,79.901129,37.278501,5.2,0.265,1064.3965862191174,1188.152830421915,1247.7369297645726,1620.6119967062984,1125.7898681352015,917.9397751944084,1460.3543164755288,708.4325669407946,-1.6989703231202677,-2.1148169033366115,-1.5195138102499486,0.6143413440425,0.12017847481878342,-0.04250231681872941,0.4250547537422783,-0.2600754002503558,-1.6012212082220998,38.89676255400732,33.81784509394797,18.742160204200374,9.328146632930725,-2.628864317376529,22.423549771477056,19.82994752691977,31.565296934075104,18.633630273871628,21.99609088243278,25.001696684530664,10.196438418923536,9.411480160394182,17.81139301841497,10.575309518923536,16.853343043674577,2.282796984128012,22.267375109196923,20.917734849639213,0.9028522738910205,0.9054453725214991,0.9908839837743351,0.9800850649571806,0.9343225030883702,0.8909716996729625,0.9970711403665312,0.9931962597961281,0.9407515323251986,0.9955026360168363,0.8972196601051847
40,79.899404,37.279298,4.625,0.918,982.6547468529167,1130.1119943706326,1194.2939629300736,1567.291611414923,1053.147792978558,817.2755116438252,1386.9419539533842,647.6084472906779,-1.6641310860585248,-1.9982434415664285,-1.534103729051207,0.5655981011550881,-0.0035215588709457627,-0.14297147908180796,0.3285747847500042,-0.3533950070626248,2.2381782292223362,35.652015995622065,28.816562721786482,18.328439671021634,11.534858932591707,1.0586464129052624,25.51609414223359,19.30893920164742,31.583499648635396,20.637570912481507,27.873821979466058,26.294537415193986,12.498355154009342,11.946264643992397,16.906866296651877,12.186920878160652,23.166233658974424,5.277649894956586,22.946772966221747,20.289438732273243,0.9123664891243918,0.9013945858676906,0.9902877980285478,0.9821111594937193,0.9381051091747462,0.8942483639481892,0.9972026698240044,0.9800718686549947,0.9265009001227662,0.9984490099249708,0.9100734461788642
41,79.899611,37.279283,3.9,0.677,959.3318504002361,1083.3530419277422,1148.8139226876492,1518.126162512825,1010.922179806996,823.5010216144547,1373.165470004666,631.6939237932419,-1.6196574654013476,-1.920992451840832,-1.4827292659334805,0.5087364321543955,-0.020486313151504603,-0.21343605992918688,0.24519769522635712,-0.4121572190376757,6.651243086437846,35.37533618955933,31.070170233642813,15.780504325126351,14.850039956897701,5.566418302267483,21.503682450879488,15.574650810442643,28.72888643186701,20.100590753443587,22.033985462704006,23.622007852871437,11.236519035482134,11.600525784937526,22.59711418582333,10.022771661941126,14.543214288853614,9.289670940368744,24.093961938948983,15.368797295758975,0.8832288265256408,0.8918849170277137,0.9700910779468436,0.9642616185496636,0.9029373276550502,0.8838911933751359,0.9753778795562612,0.9930744144035003,0.9316346736296542,0.9714632726205107,0.8842498965291193
42,79.899763,37.279169,1.325,0.294,954.0241703303059,1087.8073946223808,1169.539129491845,1554.385086223781,1019.9640135729633,784.2571687338019,1420.2872181678363,605.750094390911,-1.6189675224863072,-1.859013201804524,-1.5008789365129516,0.48140477958053696,-0.047211781465401434,-0.22216853555848814,0.24773036500764764,-0.44098360413474336,7.595055714812481,37.44663282229296,30.520869645191866,15.172356943348412,16.644182986946394,10.541967192159424,27.976111811570345,14.56330792795073,32.63209590950846,23.64446499610098,28.80287538927748,27.8822447703328,12.15697328332279,12.364344162631966,22.157645122186988,12.320860015058312,22.414437147001564,15.452556758698943,25.787771768510314,13.954258912553108,0.8736429373702368,0.8735885651037885,0.9437689277631884,0.9458785890193059,0.9054545373841674,0.8625093080918184,0.9708983473912866,0.9747024720413187,0.9057903761829369,0.9662751166724977,0.8706429204542849
45,79.900755,37.278859,4.525,1.007,1169.0361751794906,1358.5290767948757,1443.8463743286757,1828.0836228671383,1261.4223625384652,1004.6333458997699,1669.5956387202846,755.3892057580442,-1.7932640102044204,-2.2944528863326084,-1.5707497552407488,0.7563511546364332,0.3878954103323849,0.25671892278870345,0.6645228766796905,0.02628205171506164,-3.0200959527654403,44.27977091854431,40.0347011050626,20.680261980131718,2.507732679423615,-2.8119496013986023,19.110729085441882,20.30682854954181,35.62077040739362,15.699793238122542,18.51017830184364,20.274648299194816,15.756356900423851,15.158131784318757,15.895295205467292,15.757883915935603,12.494202470459859,-0.666148944776451,10.437742508349238,19.93339511895194,0.9346280764342221,0.9432759613547933,0.9999999999999453,0.9973335431099881,0.9481314902990172,0.8832054399964812,0.9999999999999494,0.9942222407503282,0.9386930767948184,0.9976127827657484,0.8816461091309109
48,79.899641,37.27955,2.1,0.352,1002.4168564641054,1124.9807494498868,1239.62792522378,1601.6802217878835,1073.483961839164,843.9785805118906,1468.869082536135,658.8743409470882,-1.6529087683535277,-1.9487208696156493,-1.5213086996877854,0.5551772762543048,0.010361182108489167,-0.1733079047605674,0.26528175806406173,-0.39739400756825144,0.29156328097050255,37.05249059789585,31.436080331345728,17.20419039018673,13.845229193218941,3.420623744373814,20.73848188368306,16.779685377073854,31.47030892879643,18.992624659440594,21.867700276075446,23.21159075660105,10.881420627512213,13.368398118457343,18.87729541835139,10.548037702405201,17.580817464992624,11.459068675821197,28.694962088493405,16.35518036396104,0.8964911721870513,0.906585118100961,0.9756396070615809,0.986478442467885,0.9196269318263423,0.8819443169275111,0.9904705563299019,0.9939055814521783,0.9222001774630809,0.9898545353815957,0.8899704512136059
49,79.89987,37.279497,3.975,0.767,1002.3613415729634,1165.638559501169,1237.9526126829874,1660.2769519953429,1087.285346610726,850.1818596100258,1479.4435063146898,650.2609696589764,-1.6238326024443024,-1.8937216362519218,-1.5015536051591818,0.519428305195444,-0.053648000430825016,-0.188034829655389,0.2572950337920045,-0.4081637849830163,7.047276641788537,36.98672046628322,32.28785503375724,16.282536136349066,15.977038329243548,6.533644873553737,23.551692536702756,15.826511715708605,31.059216746365852,22.26394174392887,26.986401269167263,25.615052104979938,13.02530673882182,12.207698382708225,21.179045693897063,13.506860060053018,21.925054135304162,10.578219778427652,26.880091657279184,15.370487295068148,0.8927218308189937,0.8963985473240202,0.9771342176941826,0.9681557275666006,0.9260846374457834,0.8836526670056836,0.9963422944187706,0.9836910595427169,0.9334147548543207,0.9933941738713564,0.8822359668493617
50,79.900137,37.279344,1.625,0.231,1123.3490650745953,1250.2979060046657,1354.9214048508197,1727.327469044294,1189.5717048601434,950.7932099904457,1613.7337527062982,753.0327469317039,-1.7078248934335134,-2.037787909266571,-1.5559407439675883,0.5636124966318334,0.08247383367926177,-0.09866360538405373,0.35075484965966697,-0.3096007714713355,3.7340587848484965,40.197869863496614,33.89048408853157,18.187967785331946,13.326436902648895,6.045601644543358,20.811670792816354,17.555661309127174,34.16443186281213,21.303025271371123,23.14011318908676,20.83090883742323,11.596808092689162,12.872885554884547,19.78082675653745,11.66896884339906,17.817912171392326,11.11912680514941,23.110667061517344,16.92335483292247,0.9009465239171022,0.9165127472059883,0.9773329692548107,0.9876600929349705,0.9249111642152557,0.883354162797791,0.9907719569577765,0.987100665935961,0.9213859929380275,0.9946202390529135,0.892590599846846
51,79.900251,37.279211,4.825,1.06,983.35823827949,1110.4745892797234,1195.6674211445256,1576.6618349300747,1033.3628402419613,834.1189538748276,1424.1529121748295,641.0906266631721,-1.6033581809432655,-1.8881962708027655,-1.474330613063246,0.47229550586167723,-0.05170199644890497,-0.2403535937631657,0.22788996357541097,-0.4478080148305288,8.02299741203648,37.613211160076375,31.725991431138034,16.844519127334404,15.5820698653105,10.025815108328079,27.403775325513983,17.351515652279915,30.959083962949855,24.90531721705879,28.405119972367117,28.31711137211284,12.815890736219554,13.507768652367048,26.602554389955582,11.591344865857197,18.246414668743437,14.228417706844702,24.948595970926114,17.858512177225446,0.8745071957593594,0.8795915044410177,0.9547847145176066,0.9524845569787398,0.8941074421698919,0.8770775704365723,0.9676003652525064,0.9853258248903637,0.9242472118245486,0.9624147941907697,0.8848071579874611
52,79.900564,37.279119,9.925,2.43,1305.9910299067637,1477.584795841496,1617.5275710116598,2026.644487797209,1374.8685486573468,1138.6068546354347,1862.6919682470918,885.892885779956,-1.7391917140383415,-2.163467337178673,-1.5730646113886424,0.6163926422282962,0.15441405737190664,-0.03840356667194784,0.3875421448971336,-0.23827681277700374,-0.24464796660307347,44.01121297583822,40.94747425875197,23.995823297730794,8.634107938143726,2.435031148272978,20.07820152269551,23.340080883885445,35.38906745983481,17.204193470735362,21.115925528650155,21.47919591110409,17.49445949633402,19.026094182623495,20.136379411294826,15.998802422102177,13.018916239118505,8.276884218838752,20.056415161305416,22.68433847004018,0.9213754571776903,0.9467775996602689,0.9978969336625355,0.9969497860904033,0.9280372268465444,0.9104340765991551,0.9940857381483651,0.9997619070533074,0.9520000313430782,0.9947458303887018,0.9095530274481829
53,79.900938,37.278982,8.2,1.725,1229.5265672354349,1404.2356443496546,1509.8962496526851,1901.0078466387001,1304.1011167342695,1057.2994730517514,1732.3990400769283,811.4304191386971,-1.7650396620601325,-2.2495678622164172,-1.5768022295054238,0.6713844882981886,0.19437665721516956,0.007258299326463604,0.4341403008630566,-0.19168085997182513,-2.6178521403263586,44.89130123534233,40.704961736310764,25.546017322068586,6.839330974570879,-0.3715354168043692,18.441606794363228,25.83406983480539,36.4272412059293,14.91791374967158,18.947779358720084,20.96581364159787,16.795508713074874,16.92876412941308,16.785408799046436,16.169907614770146,13.107442350561625,6.616881798749783,18.281557579423637,26.12212234754226,0.9293583212314818,0.938242797149903,0.9999543026621389,0.9992712238958265,0.9386469809428429,0.902140766539577,0.9968716489031232,0.9999999999999546,0.9418618518237295,0.9960837757161541,0.9100954029930886
55,79.901266,37.278875,3.475,0.601,1062.3453696792571,1234.5873904685352,1316.9637533216824,1686.965950041963,1130.357579536134,902.6200749352008,1518.0630205407972,681.9996381041979,-1.7221568397391083,-2.1407059447691736,-1.561673225060528,0.6175674923690275,0.15097397821029765,-0.07607060193942038,0.357647991151759,-0.2973652922494592,1.6834121656071377,40.21951746925842,35.814712968601505,21.561748612507152,9.059726257067195,4.422282599788106,21.091282287031213,21.997166128705157,33.018019463456326,16.681081823500815,21.70526328279302,21.918364627293965,16.516911375566917,16.59153302691253,21.813714788747664,15.029900615257526,9.053031620067868,9.613669463403287,18.220881315999183,22.43258364490318,0.921274934824883,0.9141703545733777,0.9813783218975028,0.9788828802671548,0.9266574135317799,0.895736426767104,0.9801038429599104,0.9981453421184416,0.9414497045818365,0.9775440439782982,0.8986837529615234
56,79.899656,37.279852,3.275,0.625,990.2061200743619,1118.1977301328704,1221.890977515155,1574.39285631469,1051.888517415854,851.3128913934759,1433.6152393683028,659.78721846527,-1.613683555344036,-1.9283100462824225,-1.486224215584652,0.5063668492661563,-0.018475731069174817,-0.20922950770752735,0.23569590589997078,-0.4152963638873874,5.239518351642335,34.88390861439722,31.209272190248022,18.22851124794264,13.464214161368963,8.113689967471933,21.587558022780282,18.278428895788476,28.777025478635384,19.751319544183133,23.665947665628376,23.742486344585767,11.423431698900224,12.180427733545272,21.04750838294134,11.224344727370237,16.13543723074809,12.87517488527231,24.29695464886637,18.328346543634375,0.8855150905584591,0.9151653306471086,0.967684786587401,0.9652655426118663,0.9139666656630616,0.901452555146013,0.9824109989572801,0.9963330601571531,0.9428332199166894,0.9808279151132423,0.904932064276119
57,79.899893,37.279779,3.325,0.594,1059.8756297571126,1193.474003447556,1275.2149733356682,1676.8555187482566,1121.7484952354346,882.1931280655037,1511.3237877762283,705.2392079051303,-1.6746994878388715,-1.9681435574584747,-1.5397229496665792,0.5382125984285854,0.0025663277809473586,-0.11628994988981325,0.34238709707225423,-0.3718910657942744,3.611538789129069,38.163067373532634,29.629297500362437,16.339450216164696,11.685694474613284,6.769897677919071,23.274010924751096,17.867070551238964,34.19831162481679,21.21027577698674,24.741992616825694,26.312067492646843,11.729025797118087,11.608333110637897,17.171651640983338,11.418132495147312,23.755278536893517,11.327630352087345,22.666150883259203,19.394690886313256,0.8903655887156149,0.8897854903664018,0.9730716877955405,0.9718116589870177,0.9275935418341973,0.8812618099093333,0.993852052212395,0.98151015426448,0.9249800775275969,0.9834818084196505,0.8994024020484944
60,79.900602,37.279508,8.725,2.07,1232.9037430676028,1411.7670748997712,1518.1240828228483,2001.6300113193533,1329.5340257925448,1017.6401709018678,1798.8146997226163,811.5132428857833,-1.7141315631385272,-1.9905725122258278,-1.5831744360139168,0.5976070970120049,0.05003565542019363,-0.12250490679173931,0.3824019992496356,-0.35286000633703785,4.1998968006357185,45.482752358228566,35.163029393360986,18.601197095552347,10.987975324369584,7.853361563127818,21.51496058410687,19.36265672453551,40.73787527064431,27.20327581635948,22.709292525450365,24.72559401487612,14.806466592667993,16.106337096079727,23.423111001250362,14.178207822335304,29.40790749879217,12.047872945285047,20.745391354715036,20.124116353518744,0.8997997168968764,0.900125199844636,0.9775948498755792,0.9764240693624794,0.9243896906114875,0.8744363338559269,0.9922165743732739,0.98429364416241,0.9101194234482546,0.9909936604159882,0.8892624745245958
62,79.901274,37.279134,5.775,1.126,1794.7035372074645,2025.5803673939454,2170.549142906766,2644.7762675291456,1880.301078184155,1560.3777341282098,2471.318392958049,1293.4766196596775,-1.9055624092968972,-2.5682007986307087,-1.6781065446545524,0.8603786390383354,0.666243419688222,0.5126728856769059,0.6848374772403892,0.37851057109622344,-13.11287834356859,52.27608167685965,46.063359605022384,31.391417335643695,-4.848224677029043,-9.344039964314511,9.240791335304138,30.73118345925201,44.68434950050871,2.3516719795083545,8.647850345348601,12.202105022865071,24.038697991036297,23.86885434903589,6.267554662237773,22.864717772600198,-0.13827631866922688,-3.069284512756941,6.806543187582137,30.070949582860436,0.9393601756579448,0.954618997536371,0.9999999999999621,0.999633340957277,0.9428541114710167,0.9292547095516499,0.9977804704118053,0.9999291524370829,0.9472188558532423,0.9999214247754883,0.9367684765546843
64,79.899801,37.279974,2.15,0.367,1033.708391634269,1174.6478052960408,1266.6686735431272,1661.0321147366017,1093.657493958045,887.0118837025668,1505.2815918111933,680.2464063638715,-1.6280269794439668,-1.9362612064392315,-1.4967375014302258,0.5640620385534688,0.04432718594240619,-0.17645771334837795,0.3349619626056704,-0.4071710702772423,3.9538669213180846,37.9491489770588,33.8781466949609,18.476606450210042,15.394578748294144,6.066113494087793,24.415906751684766,17.81547561537537,30.69772340533385,26.465536615723764,30.61165415657987,21.88218801724946,14.032062112290788,15.078843394214923,28.19701433447772,12.565389302415813,19.186949024094083,14.776541870544659,26.624762036745143,17.154344780540754,0.8785536897661642,0.8744784421169869,0.9484282950599834,0.9575065457244291,0.8956155923829394,0.8904422458502631,0.9623046056191278,0.9856979103244401,0.9322106616414993,0.9602337796470364,0.8901214461321484
65,79.900007,37.279832,2.25,0.302,1002.2045467473224,1128.403948645691,1196.519572664339,1606.8740519137577,1052.5057057832198,847.5077686557136,1436.4232843566474,668.2541109715637,-1.6416035827713782,-1.978666433370572,-1.5079157078350156,0.5618234406696383,0.012211433564488281,-0.18087035682014357,0.30694270875685825,-0.3714759802838689,3.400592336109356,36.51587013185218,29.909729036918932,19.18207672574724,11.423007613986032,5.9062655763085345,22.00129643163812,21.179039193821243,31.195467084155634,22.46744050728973,21.095757261517306,26.70368960998106,12.006858799851694,11.422309933163849,22.35651552528082,11.219847582780279,19.94653225446075,9.427746026806552,23.73773918787883,23.176001661895246,0.878567576828036,0.8830673007922192,0.9737359188256806,0.9629508509577474,0.9092118671837675,0.8952544872908154,0.9783815550112915,0.9880839619989488,0.9352093705130866,0.9833914606605285,0.9142311582870747
66,79.900205,37.279764,6.825,1.578,1275.991602300703,1436.385657743594,1549.3377005571142,2014.7039512890503,1333.2706223403302,1072.602769643826,1806.7272212983735,860.003760272963,-1.7030416281610072,-2.029907734689452,-1.5675340588906006,0.5915898438772936,0.04582559132623211,-0.10476342790382616,0.32986013784395385,-0.30907607725029257,2.306694357639338,43.236745422305674,35.27035557784498,20.173654185817263,13.63546340909098,3.097540328946812,18.480300289849584,21.08137044694444,38.53712140484224,21.33613670572162,18.504948715384668,23.844621876626466,16.646771081797045,19.002034551727114,19.85846592180551,13.351986838567552,20.55662772100028,10.130857261411357,27.006612051282172,21.989086708071646,0.9143183791973577,0.9206973290860461,0.9986264317815668,0.9897574082019023,0.9186981162951853,0.8979474228755474,0.995743998510555,0.9931538164136596,0.9360126226437381,0.9917004301421634,0.907198784752568
67,79.90048,37.279676,7.5,1.787,1152.1967499067634,1318.1310925827543,1408.6037154801907,1850.7224232237818,1235.1034049627078,1001.4754093435927,1684.6108046014037,784.1695136312378,-1.7145234277422532,-2.1035060082241857,-1.5629776793227876,0.6410000532377207,0.13748739370959695,-0.028987695078582836,0.42590181579303255,-0.22497094667382145,-1.3293787094935001,39.12490239825609,35.726009784619734,21.41207716816725,7.270917985802102,3.2543331101716726,20.917340962470938,21.26173904482189,31.738969729504223,19.288650723564356,19.643910990252262,24.281046845581738,14.13913760069934,13.928399797647854,20.85558921858452,14.610150973151125,16.054622729624953,8.539989405785153,18.818478289277436,21.111400921476577,0.9010729241852786,0.9145597936991122,0.9925239659152969,0.9883220247238389,0.9243338159229944,0.9082089545370309,0.9978180581084631,0.9969875831662556,0.9464800999331419,0.9999851813561788,0.9115093121733692
71,79.901571,37.279344,11.8,2.73,1703.9607523636414,1882.9910136993062,2000.4613313962764,2423.687288606068,1788.0785493053663,1518.3799532564149,2250.85557931003,1231.4179463986052,-1.859079221332225,-2.4882166051782058,-1.610503359642547,0.805676217439265,0.5218548109485966,0.338918480046018,0.6601488191357642,0.1155033892918966,-11.335925559440595,50.33938313161702,46.83356033738094,27.697538518457794,-1.7300790792540712,-6.780660350582797,14.663244695804284,27.334556318730495,40.13975874825187,6.336401694342027,14.810561206399733,17.006614157554626,16.067863847425365,17.071133980991807,9.491673910489524,15.377218488196679,6.188507220258566,-0.12522830339056196,10.890538911549076,26.971574119003343,0.9372355040498587,0.9440859826049773,0.9999999999999587,0.9999523629603698,0.9492543768660107,0.9220689493898229,0.9999970035323626,0.9999999999999628,0.9567676164806448,0.9999999999999603,0.924469788262553
