id,Lon,Lat,TS,EC,b1,b2,b3,b4,b5,b6,b7,b8,b9,b10,b11,b12,b13,b14,b15,b16,b17,b18,b19,b20,b21,b22,b23,b24,b25,b26,b27,b28,b29,b30,b31,b32,b33,b34,b35,b36,b37,b38,b39,b40,b41,b42,b43,b44,b45,b46,b47,b48,b49,b50,b51,b52,b53,b54,b55,b56,b57,b58,b59,b60,b61,b62,b63,b64,b65,b66,b67,b68,b69,b70,b71,b72,b73,b74,b75,b76,b77,b78,b79,b80,b81,b82,b83,b84,b85,b86,b87,b88,b89,b90,b91,b92,b93,b94,b95,b96,b97,b98,b99,b100,b101,b102,b103,b104,b105,b106,b107,b108,b109,b110,b111,b112,b113,b114,b115,b116,b117,b118,b119,b120,b121,b122,b123,b124,b125,b126,b127,b128,b129,b130,b131,b132,b133,b134,b135,b136,b137,b138,b139,b140,b141,b142,b143,b144,b145,b146,b147,b148,b149,b150,b151,b152,b153,b154,b155,b156,b157,b158,b159,b160,b161,b162,b163,b164
20,79.899885,37.278261,2.175,0.3,0,0,0,0.0,0.0,0.233897769,3.618135781,7.500712138,90.58711821,204.4326634,318.4464314,393.8162684,450.0936857,483.5586327,507.0037981,525.0090204,532.4135148,540.205887,553.5003956,572.6592815,592.614496,612.300997,631.8414306,642.4584586,653.645197,685.3217281,757.9672417,831.1343567,875.2826397,886.3763254,896.3600253,903.2291502,910.4162051,922.7365089,936.8012344,951.0541225,963.3046368,976.2975154,993.0414623,1012.602627,1030.607058,1042.71736,1054.801234,1068.305428,1083.273303,1099.957905,1122.681437,1144.806457,1152.460832,1151.302896,1162.072322,1180.198291,1211.138313,1279.135623,1345.713562,1389.877354,1421.950942,1453.110777,1483.720525,1513.052856,1544.198133,1559.919766,1573.403228,1601.484412,1632.416205,1662.996518,1692.954423,1721.080709,1739.66213,1749.003007,1760.008546,1778.942238,1797.200981,1823.326317,1850.055863,1876.41035,1907.258743,1937.901408,1953.762146,1963.762937,1974.660548,2010.317455,2046.992879,2082.457351,2116.463523,2145.609748,2147.448172,2147.772432,2166.253521,2188.083399,2210.718785,2245.675898,2280.635385,2317.814844,2369.729862,2403.37775,2410.866593,2416.485995,2420.60595,2419.725589,2429.206678,2449.035449,2467.939231,2483.020731,2497.145593,2498.149074,2478.999842,2467.241019,2461.84871,2460.20652,2491.349581,2528.803292,2566.436303,2594.568761,2615.739832,2638.883526,2685.79617,2731.431239,2771.230258,2806.211426,2839.28264,2868.890806,2897.714987,2921.329957,2914.48457,2912.506093,2933.434246,2954.019623,2982.605792,3019.013768,3050.395949,3077.538851,3104.053964,3121.404178,3134.898718,3089.313182,3036.375376,3008.707074,3052.474284,3094.950942,3089.39579,3062.038297,3060.76626,3070.843804,3077.705017,2995.490109,2861.962494,2754.081658,2766.60959,2778.241336,2785.849502,2672.348315,2617.193069,2652.052065,2685.465105,2683.368729,2678.952524,2672.490742,2666.382972,2659.385504,2632.573192,2580.322994,2534.09606,2521.209527
49,79.89987,37.279497,3.975,0.767,0,0,0,0.0,0.0,0.239276569,3.303777209,8.107394366,106.3514725,234.1128361,361.8295455,440.6454866,502.0709027,536.1315621,558.434379,577.456146,591.4785531,605.3215429,620.6482074,635.6827785,651.4239757,669.9675096,688.0328105,709.5254481,734.003041,777.293694,851.6107554,922.5733035,963.1470871,965.8620359,968.9295775,985.2335147,1001.134603,1016.473592,1030.7508,1043.799776,1058.451024,1072.671415,1087.553137,1100.934539,1116.036812,1126.963508,1137.259603,1150.055698,1165.154129,1179.021607,1191.466069,1204.303617,1212.504321,1218.425576,1232.037132,1252.613796,1288.825064,1357.766005,1424.408771,1459.939661,1479.433739,1497.449104,1525.851953,1557.009603,1587.430218,1611.647567,1635.056658,1659.485595,1683.555858,1709.765205,1738.18598,1767.026088,1796.919494,1822.524328,1848.181338,1865.007682,1881.428937,1900.752081,1920.378521,1942.377721,1957.427177,1971.668534,1988.603553,2008.535851,2029.927817,2057.510403,2085.848431,2111.18726,2132.597951,2153.28041,2170.294494,2186.827785,2206.522727,2227.691101,2250.432458,2291.966229,2339.757202,2375.786332,2359.884763,2358.882522,2386.852593,2413.508963,2422.278329,2409.371319,2417.028809,2451.298656,2487.800896,2490.06162,2480.835147,2475.042414,2488.543054,2484.682618,2468.850032,2463.903169,2493.31242,2532.851633,2570.419014,2610.644526,2657.802177,2707.24952,2725.552817,2742.635083,2771.911652,2814.457106,2851.426216,2861.417734,2871.426857,2879.145166,2916.150768,2951.612196,2969.167574,2990.943822,3048.921735,3148.728233,3191.191741,3136.572343,3094.997119,3104.203745,3105.003681,3060.870999,3005.523688,2977.364917,3008.082106,3037.299776,3069.307138,3106.834507,3117.300896,3109.190621,3092.722311,3011.774968,2902.425416,2823.082586,2816.951665,2808.545935,2762.068822,2590.701825,2535.084347,2619.53105,2666.725992,2631.153489,2587.307618,2563.638284,2609.697503,2675.194302,2688.304898,2618.960948,2555.457106,2531.320903
37,79.900701,37.278623,6.05,1.413,0,0,0,0.002690299,0.014084507,88.74014876,383.5942396,679.0767527,858.683969,1014.066466,1169.958063,1254.597405,1321.508783,1358.619402,1387.750277,1410.557367,1423.862003,1436.615604,1463.19655,1502.245608,1540.595664,1583.081975,1625.895395,1662.587435,1698.875455,1763.159677,1858.301472,1954.742997,1997.890647,2007.313974,2012.67938,2009.817218,2007.408134,2019.00902,2033.927204,2049.807248,2066.236588,2083.570185,2093.996677,2105.327583,2116.53442,2129.090521,2141.064251,2163.806298,2190.784301,2227.545023,2279.212375,2333.775439,2353.851242,2365.27805,2356.866118,2345.392942,2357.403703,2409.584428,2460.918342,2504.728913,2545.172496,2588.687134,2641.267131,2695.649312,2737.477924,2719.443741,2707.702643,2734.837,2761.271562,2770.663238,2766.365881,2762.286912,2782.403228,2808.75724,2833.29435,2858.352904,2883.910112,2903.261592,2923.375218,2933.544548,2935.550404,2939.997784,2972.352429,3005.221079,3029.316348,3030.574458,3030.350372,3022.664979,3016.223295,3022.191486,3036.660389,3045.228675,3026.475392,3007.470802,2991.097167,2987.845545,2986.675107,2960.104289,2916.067416,2922.444532,2944.867701,2967.846969,2965.516854,2954.301788,2961.01899,2973.428707,2975.613388,2941.89856,2906.215382,2896.54344,2902.863111,2866.997468,2825.202089,2792.531571,2811.560848,2831.671467,2851.140845,2863.30527,2872.966609,2893.856939,2929.85868,2964.825131,2964.693306,2961.784143,2970.454344,2985.622883,3000.439943,3021.862795,3046.814844,3064.705966,3076.467479,3087.94746,3156.210635,3249.293717,3230.420003,3165.43203,3137.388194,3153.542807,3150.031967,3066.031176,2978.335813,2950.923406,2967.39674,2989.255737,3045.019782,3092.013451,3038.39579,2982.503402,2927.511632,2781.28533,2625.84507,2535.761038,2510.050957,2484.947935,2430.360817,2233.330907,2221.900142,2268.93116,2283.193543,2241.621301,2199.865643,2163.035132,2173.037506,2184.802026,2109.173762,1999.407185,1905.084349,1903.305428
52,79.900564,37.279119,9.925,2.43,0,0,0,0.0,0.0,10.02208707,52.51488476,97.8950064,220.8253841,366.1653329,510.2443982,606.1477273,684.5620999,723.9199744,747.0729834,769.7783291,790.5693022,811.2732074,835.2664853,865.0941101,892.4403009,915.2869718,937.7645647,965.8815621,996.6040333,1051.045615,1139.877561,1228.768726,1272.520647,1270.06402,1270.735755,1288.015205,1305.446543,1318.154289,1329.056018,1339.022407,1340.833387,1341.743758,1365.274008,1398.119078,1427.948303,1431.973271,1435.494398,1451.011204,1475.733995,1500.75064,1524.068342,1547.09299,1570.882682,1593.066101,1617.410051,1640.201665,1676.170935,1733.923816,1789.667894,1828.68614,1864.035691,1898.784891,1919.012004,1939.40589,1960.03249,1975.441101,1990.099072,2022.174616,2056.326344,2084.458227,2100.215269,2116.070743,2128.933419,2138.504161,2152.301697,2188.878841,2226.892606,2248.3129,2266.56114,2284.072823,2302.09475,2319.40749,2346.039052,2377.039052,2407.711908,2420.287452,2430.394206,2442.241037,2457.540813,2470.365397,2475.790333,2480.607234,2496.940461,2515.588348,2534.016965,2551.822343,2568.384283,2584.560659,2605.7492,2620.347471,2628.075704,2637.051376,2645.795935,2653.846991,2669.587388,2689.879481,2712.802817,2710.140845,2704.551216,2704.042093,2712.175576,2692.600352,2662.819462,2638.12612,2671.190141,2708.598271,2746.822983,2779.668534,2808.422055,2836.617798,2868.641645,2899.612356,2914.985595,2922.6879,2938.580986,2969.861716,3001.339469,3029.643246,3036.768726,3045.299776,3054.295615,3066.896767,3114.613156,3195.456146,3223.587868,3194.653489,3175.162292,3179.756402,3174.457266,3102.980794,3020.514725,2976.073624,3028.458547,3081.886684,3123.172535,3153.822503,3147.024648,3128.283611,3103.849072,2998.050896,2856.00064,2752.842029,2765.284091,2774.625,2763.510243,2521.883003,2472.774328,2596.731594,2686.443982,2644.184219,2601.963028,2562.497759,2617.638124,2683.798496,2646.364117,2509.319302,2377.348271,2361.935179
34,79.899763,37.278963,2.3,0.332,0,0,0,0.0,0.0,0.052539959,1.281373635,4.102706124,76.54549771,175.5589492,274.2516221,353.9158095,423.7961703,465.0978003,491.1215382,513.1368887,524.6396582,535.1216965,546.2916601,557.3184048,569.412407,580.9139104,592.7398323,613.1330907,635.6470961,676.0449438,742.795379,807.4560848,842.3487894,845.6751068,848.1253363,859.6896661,870.8455452,881.8409558,891.7474284,902.0928944,919.915493,938.3883526,946.0468429,947.5098908,950.2258269,962.9476183,976.7075487,988.2433929,997.2345308,1008.203988,1024.526349,1040.454819,1047.307011,1045.740149,1051.972147,1066.299731,1093.631113,1154.056022,1210.991138,1247.745688,1273.181358,1297.360342,1319.465263,1342.48552,1365.393891,1379.777022,1391.788099,1416.084032,1442.6069,1464.586169,1476.252572,1488.699794,1511.143061,1546.947618,1582.178984,1585.471435,1589.181041,1606.640608,1626.873081,1646.443108,1659.159044,1671.24181,1689.120114,1710.660706,1733.831935,1763.020889,1792.292451,1812.773382,1827.871657,1843.695838,1868.683019,1891.678747,1907.864852,1922.333914,1937.880677,1959.114417,1982.671784,1997.254787,1983.858205,1988.174236,2023.292293,2056.878462,2072.419845,2066.477924,2075.034974,2099.267764,2124.193385,2127.305903,2124.596772,2121.70739,2119.918183,2110.128976,2096.550878,2091.41304,2120.326159,2158.64583,2194.590125,2231.660706,2270.369837,2309.149074,2324.127552,2338.284539,2367.644248,2407.281215,2439.945561,2446.362716,2453.865327,2460.247191,2477.131983,2495.186422,2522.85868,2555.020573,2600.145434,2650.099858,2671.225194,2655.530147,2646.573508,2668.106504,2678.540434,2647.906473,2608.05982,2590.643614,2608.677797,2624.365564,2633.076436,2642.305428,2641.238171,2631.990347,2611.754708,2525.813103,2398.880519,2295.021206,2287.729704,2278.651211,2249.532521,2132.929103,2078.825764,2129.023421,2164.056971,2126.467479,2087.592182,2055.813578,2062.578731,2075.916284,2056.05618,1994.798069,1942.321412,1927.433613
13,79.900274,37.27791,4.95,0.91,0,0,0,0.0,0.0,7.446747903,52.94382022,102.1487577,265.5269821,467.9609115,670.7479031,766.2581105,820.386137,850.1492325,869.0746954,884.8751385,895.1139421,905.6252572,917.1188479,927.6137047,938.0925779,974.2813736,1011.910429,1033.929103,1055.278525,1103.694572,1192.617186,1281.43298,1325.184365,1327.118531,1326.224719,1316.881627,1306.591233,1322.054914,1346.923406,1369.943504,1379.137838,1389.170913,1408.359709,1432.763728,1452.783827,1450.632062,1447.005064,1456.628264,1476.239595,1495.818959,1507.86137,1519.500396,1541.637759,1571.631429,1590.018199,1602.892863,1629.850609,1693.966609,1756.036082,1791.520494,1816.041146,1839.873239,1858.252572,1877.053173,1896.564013,1922.644248,1949.453395,1954.356227,1957.43029,1969.722899,2001.946036,2033.778288,2052.446115,2059.294034,2069.96376,2093.677006,2116.430606,2118.019307,2117.285172,2121.382339,2150.651052,2177.814686,2206.51448,2236.712455,2267.238171,2278.160152,2289.550562,2296.567811,2301.605159,2299.235322,2279.219497,2259.050166,2271.174236,2285.281057,2300.029435,2317.748536,2336.045893,2345.885267,2332.532679,2332.338028,2346.513056,2362.160468,2369.160943,2371.238171,2380.030543,2393.027694,2405.305586,2405.170597,2405.101282,2401.372053,2393.307011,2375.248299,2352.876246,2334.944453,2353.232315,2374.850768,2395.902358,2413.237379,2426.392467,2444.680013,2485.07517,2525.668935,2551.743314,2570.70834,2582.460832,2580.987815,2578.491533,2583.330749,2615.140054,2639.462257,2650.329957,2659.87134,2675.826555,2697.114259,2719.358443,2747.125495,2772.012818,2777.545972,2778.663713,2729.896186,2677.647571,2652.680013,2671.524292,2689.917392,2650.542491,2592.462415,2593.659598,2613.613072,2626.329008,2502.272353,2329.836683,2194.133091,2138.258269,2084.542807,2028.161893,1987.786833,1986.259376,2004.29894,2014.964868,1988.02532,1959.566229,1928.52176,1907.641557,1887.313024,1831.392784,1738.749327,1653.725273,1642.461782
67,79.90048,37.279676,7.5,1.787,0,0,0,0.0,0.0,0.47759283,6.621318822,13.7506402,135.9494238,292.6017926,449.0060819,531.6206786,588.6235595,627.1515685,659.7122279,687.1115557,703.1976633,719.4414213,738.3950064,760.8241037,783.578265,811.2572023,838.7005442,855.6269206,871.1814981,915.0158451,999.4758323,1084.051857,1125.326665,1130.233835,1136.331306,1137.473592,1138.324904,1153.796735,1178.40717,1199.904609,1206.304417,1213.52993,1229.790013,1248.766005,1268.429097,1278.466389,1289.49984,1302.895166,1321.96975,1339.166293,1345.637324,1351.945903,1373.658611,1402.668054,1416.353393,1424.616997,1453.789853,1531.331146,1607.675096,1655.121159,1690.824904,1723.788412,1738.916933,1752.041773,1766.261844,1796.980474,1828.778009,1854.153489,1877.586428,1903.016645,1931.026569,1958.46719,1976.900448,1985.18886,1995.975032,2025.575064,2052.823464,2063.495839,2071.834347,2081.996319,2106.390525,2130.705666,2155.148047,2177.895327,2203.160371,2224.734795,2247.133163,2262.253681,2272.554097,2281.920455,2296.621799,2308.642446,2330.222151,2351.251761,2374.534251,2391.492958,2406.56258,2425.356914,2464.752241,2484.084827,2482.238636,2479.197503,2475.821063,2474.100192,2487.514245,2507.487196,2529.085948,2551.43694,2572.036652,2571.028329,2544.03281,2510.942061,2475.596671,2449.424776,2496.631882,2550.302337,2602.693502,2627.060339,2627.516645,2634.376601,2673.972311,2713.216229,2749.752561,2784.495198,2813.082586,2832.324744,2851.756402,2865.957266,2857.37356,2856.352113,2882.910211,2916.370999,2975.271767,3041.230154,3041.078425,2967.408451,2917.222631,2955.904129,2981.789853,2930.207907,2867.130122,2823.123399,2809.112836,2796.805858,2852.052177,2927.5,2941.960627,2932.302337,2911.776889,2802.623239,2652.21895,2535.964149,2510.569142,2482.221191,2416.261684,2235.953105,2210.861716,2318.636524,2385.471191,2282.648367,2179.675416,2089.474712,2195.649808,2314.65765,2336.435499,2263.347631,2198.806658,2191.903009
44,79.900366,37.278982,2.175,0.332,0,0,0,0.0,0.0,0.044627314,1.04162051,1.923247349,89.62240861,215.6024687,340.3362874,420.5622725,478.6434562,515.6520019,542.5855357,565.536319,582.4769742,600.0775439,615.4744422,630.2225036,644.5967716,672.8963444,701.8017091,718.6630796,732.6815952,768.956797,850.8142111,932.3486311,982.1775597,987.9950942,994.1378383,1004.180567,1013.583795,1027.267289,1043.015192,1058.502453,1075.02532,1091.343251,1106.062668,1118.306219,1131.653901,1150.463839,1170.07153,1184.103339,1192.619244,1202.870707,1222.334388,1240.973572,1258.55705,1275.453711,1287.867384,1296.577781,1314.040354,1368.051116,1421.650419,1466.769742,1507.601677,1548.262542,1578.05982,1608.252255,1637.026586,1654.392942,1670.290078,1701.050324,1733.305586,1761.984966,1779.978636,1798.316664,1818.359392,1839.709289,1860.550245,1873.797753,1887.444532,1901.908372,1918.043203,1936.466688,1974.225352,2014.024371,2030.492325,2037.880994,2045.203671,2079.778129,2114.253679,2150.514955,2187.569869,2216.832568,2206.488527,2197.160468,2217.381864,2242.692356,2267.333281,2300.1812,2334.575724,2367.689983,2399.61054,2420.338661,2425.739041,2430.98101,2433.318405,2429.063934,2438.89128,2461.864694,2486.478398,2488.727805,2486.637759,2483.401171,2479.415256,2467.890014,2451.682386,2434.501978,2466.370312,2507.049691,2548.792372,2586.954581,2618.951416,2651.456243,2689.595031,2728.001899,2768.580313,2808.943978,2847.644722,2880.246875,2914.126919,2942.611014,2942.930685,2947.335021,2968.672258,2989.769109,3022.742048,3081.174869,3119.243076,3114.141953,3109.929894,3126.825289,3144.902674,3103.053331,3046.84507,3009.489318,3044.468112,3079.499921,3085.223453,3078.035923,3081.194968,3087.41937,3092.970565,3008.475866,2864.991613,2738.00633,2734.345466,2729.560373,2726.437411,2502.067416,2395.13499,2558.010603,2715.200032,2621.090995,2526.133565,2432.006014,2455.922298,2523.047318,2556.476025,2515.339294,2473.190378,2461.48188
3,79.899901,37.277841,2.125,0.324,0,0,0,0.0,0.0,2.254321383,17.14900768,35.1387644,147.0997119,292.109475,435.9740717,525.3514725,590.6693342,626.6165173,646.9795134,664.9316581,679.4113316,694.5352113,709.8180218,726.4198143,743.9460627,774.3228233,806.2664853,821.2485595,833.3961268,873.1038732,957.8455506,1042.314501,1093.840749,1102.901729,1112.216229,1122.050736,1131.713348,1144.002881,1157.340109,1171.011684,1187.507362,1204.264725,1225.283611,1248.550576,1269.46735,1286.06146,1303.942061,1318.004321,1330.231594,1345.089469,1374.653009,1404.884443,1416.161812,1415.294014,1431.200064,1454.850672,1490.354033,1550.346031,1607.666933,1653.128361,1691.382202,1730.68806,1758.074104,1785.654449,1813.307458,1830.519526,1846.06258,1879.600832,1915.464629,1947.335147,1967.102113,1987.044814,2000.901889,2010.205506,2021.56226,2041.041773,2060.932458,2078.651088,2095.008643,2112.884603,2144.742798,2177.341709,2190.698944,2195.691581,2201.773848,2225.908451,2250.928617,2282.394366,2318.543054,2349.306658,2342.800896,2336.049936,2358.432939,2385.15669,2411.483515,2437.079385,2461.002881,2489.398047,2539.238636,2570.236716,2573.37564,2575.96959,2575.960147,2574.535051,2578.037452,2587.684699,2597.691421,2610.364117,2621.450224,2622.930218,2607.014085,2591.272407,2575.545455,2567.070423,2593.324264,2625.370839,2658.112836,2688.877561,2717.928617,2749.341229,2788.191261,2825.959347,2860.504161,2893.421095,2923.918534,2950.721031,2977.537932,3000.205506,2995.896767,2994.899968,3009.832746,3026.524808,3046.721991,3069.159091,3093.067542,3128.285531,3162.828105,3172.632682,3175.075864,3129.755922,3077.060659,3048.838988,3072.164373,3093.785691,3077.940621,3047.261364,3052.972471,3075.047535,3088.584507,3005.549776,2860.558259,2736.783451,2706.987996,2676.984795,2647.894366,2614.326344,2609.481114,2624.668534,2638.201665,2618.319942,2597.430698,2570.192862,2549.771287,2528.983515,2486.308579,2399.996799,2321.099712,2298.088188
18,79.899565,37.278535,2.4,0.402,0,0,0,0.0,0.0,0.010243278,0.242637644,0.702944942,79.30921895,188.5881882,297.7027849,362.993598,406.7098271,440.1174776,469.4138924,493.6203585,504.7596031,514.9747119,527.8610755,542.2243918,556.3026569,579.4290973,602.6298015,614.1930218,622.7597631,657.6782971,730.0227273,802.1819782,840.2243918,844.0192061,848.7426376,856.6782971,864.3509923,869.7716069,874.3626761,878.793854,896.0670615,913.5617798,925.7853713,935.4743918,947.2770487,963.5144046,981.1073944,994.8919654,1007.732875,1018.443342,1025.446863,1032.869238,1040.090269,1048.358195,1056.304738,1065.207746,1090.088348,1164.224872,1236.600832,1274.845391,1294.448303,1313.671895,1334.471511,1355.020967,1377.049776,1407.212868,1438.916293,1468.699424,1497.355954,1520.643086,1529.277209,1538.658931,1557.314981,1583.541613,1607.240557,1620.806818,1633.059539,1654.607074,1676.543694,1699.122919,1731.518246,1764.290493,1783.059539,1797.621319,1813.951985,1856.345711,1897.618918,1930.746639,1959.682458,1980.207266,1971.056338,1959.902209,1968.271127,1979.199104,1991.172055,2028.330826,2068.633163,2101.15509,2113.902049,2132.159731,2156.733675,2180.830346,2184.865877,2171.332106,2177.006722,2199.158771,2222.325064,2219.629481,2214.201184,2221.825544,2254.943502,2256.994878,2242.865557,2231.476953,2254.173656,2281.761364,2308.65573,2328.939821,2342.53201,2360.877241,2400.834827,2440.757682,2482.501601,2525.989437,2565.213828,2593.96959,2622.599552,2649.277049,2668.671255,2687.40701,2699.645006,2713.325224,2744.388604,2795.598592,2831.256722,2855.082907,2883.618758,2928.25144,2968.198944,2912.431178,2844.049296,2798.330986,2800.516805,2802.794654,2821.245999,2844.857875,2838.78217,2820.178777,2797.040653,2717.502401,2612.088028,2522.236556,2485.403169,2446.737196,2401.46831,2252.819782,2214.290013,2316.24952,2404.994238,2382.547375,2358.871319,2333.888444,2348.330346,2370.636044,2347.705346,2262.582106,2179.576665,2161.923656
38,79.900907,37.278524,8.875,2.14,0,0,0,0.0,0.0,4.311139565,13.6056338,26.33978873,154.6826184,326.2637644,494.1077145,574.2013444,615.728233,654.1446863,693.2098271,728.3165813,748.6402049,770.7147887,793.2877721,820.7916133,847.478073,875.231274,902.3450704,925.5065621,948.346991,1001.71911,1098.25064,1192.827625,1243.667254,1253.06178,1263.622119,1278.294174,1293.257362,1304.945583,1317.372439,1328.744398,1349.489597,1371.007362,1391.914373,1415.002721,1437.672695,1456.635563,1475.072503,1492.940621,1511.567061,1529.786812,1544.211108,1558.606754,1575.701504,1592.919654,1597.881562,1596.699584,1614.316741,1686.93774,1756.961428,1807.300416,1844.445262,1881.037132,1904.703105,1927.34459,1949.268246,1985.685179,2023.71975,2053.696863,2083.815461,2107.84347,2121.429257,2135.49888,2157.524488,2183.683579,2209.272727,2216.861556,2223.857554,2246.752081,2272.086428,2297.204065,2336.375,2375.49904,2400.109315,2418.870038,2439.022247,2462.461268,2485.77993,2512.917734,2542.924456,2562.556818,2544.306818,2525.767125,2534.662772,2547.78041,2562.490397,2581.629962,2599.96991,2618.077145,2646.523047,2672.50048,2693.334507,2713.945583,2710.246159,2683.955666,2682.713988,2707.051697,2733.34219,2729.358995,2717.131882,2711.728553,2724.347471,2707.022887,2673.636524,2648.254161,2662.46911,2683.31386,2704.712228,2717.670615,2722.252561,2730.81226,2785.282971,2839.452305,2888.841709,2931.15653,2966.904449,2984.799936,3003.538252,3019.416453,3019.195423,3020.471831,3020.837708,3025.588988,3061.338508,3136.882042,3176.982875,3168.191261,3168.12356,3201.619078,3224.974552,3164.052497,3093.755922,3044.341069,3043.721031,3042.761204,3035.075864,3017.650608,3000.951504,2982.832266,2958.143406,2870.233515,2746.527529,2638.18694,2594.319462,2545.721831,2486.06242,2298.674776,2234.233675,2347.290333,2448.389085,2413.050896,2375.788892,2342.364597,2355.417574,2376.273367,2353.316421,2258.176376,2169.052497,2145.737836
8,79.899038,37.27841,1.475,0.206,0,0,0,0.0,0.0,0.0,0.0,0.407810499,75.52768886,174.6395647,274.4579065,345.5340909,407.7474392,447.4583867,478.5102433,503.7863316,516.7205506,529.6693342,543.0707426,555.2952945,565.8185019,578.6760563,591.9710307,609.990557,628.1598912,668.2983355,740.1771767,813.1552497,849.5390525,848.3353073,846.650128,847.762484,849.831306,857.371799,869.2893726,881.7778489,891.8447503,903.8492318,908.8634763,909.8738796,910.7852113,925.9353393,940.8972471,955.893886,968.9806338,981.796735,989.6426056,996.8484315,1009.846511,1026.759603,1038.899968,1051.232554,1079.492478,1149.960147,1218.798976,1251.658131,1266.572663,1281.707586,1300.237996,1317.508643,1336.603553,1368.831626,1402.349232,1416.706466,1427.481114,1443.556018,1468.726152,1493.49856,1520.043534,1547.683099,1575.78201,1594.471031,1613.511044,1632.711908,1653.949264,1676.09443,1708.144366,1739.912132,1766.18886,1790.893566,1815.665653,1849.31178,1883.106914,1905.111236,1913.573464,1920.970391,1934.822503,1945.503361,1954.96767,1964.691741,1976.458547,2003.323784,2032.919334,2057.233035,2070.06402,2082.608515,2095.569462,2107.196383,2120.570262,2131.600992,2141.866997,2152.222631,2165.085627,2182.53073,2201.074904,2211.713988,2221.887964,2215.809379,2199.107394,2189.0008,2217.447183,2252.638444,2287.524968,2314.149488,2337.298335,2361.850352,2397.517286,2433.741517,2463.899168,2492.091709,2521.036332,2542.550736,2562.973111,2584.025928,2607.128361,2630.28201,2655.485755,2680.681178,2715.477273,2762.939341,2795.288412,2803.900288,2811.096991,2856.983355,2892.879802,2847.419814,2770.93694,2722.170294,2735.953265,2750.692061,2766.398848,2783.449584,2787.428297,2786.065941,2773.756402,2697.338828,2580.653169,2492.872599,2473.060499,2453.246639,2403.395807,2273.491997,2249.910371,2320.518086,2383.425896,2380.885403,2376.661812,2374.245038,2382.661172,2393.260403,2350.620038,2245.798496,2152.354513,2128.693182
48,79.899641,37.27955,2.1,0.352,0,0,0,0.0,0.0,0.163633486,1.560373477,7.820857731,103.4396265,217.7281215,331.6716253,430.3543282,526.9164425,550.6664029,550.0468429,557.1910112,580.7974363,604.3418262,624.4861529,640.399905,655.6645039,678.0822915,700.2745688,713.8795696,727.06884,765.8806773,842.329799,916.1611014,959.4396265,975.4037031,989.1607849,991.2098433,994.0235797,1004.734135,1018.834942,1032.153822,1044.071372,1056.238804,1071.613072,1089.143061,1102.368096,1101.295616,1099.464947,1109.205254,1126.463681,1143.931951,1164.150182,1183.745371,1219.21918,1258.845387,1251.874347,1236.081658,1251.906156,1320.553094,1387.38044,1435.258743,1476.686818,1514.338503,1526.641399,1538.86501,1551.521127,1573.896344,1596.060136,1605.07153,1613.670676,1632.008071,1663.880361,1695.747112,1727.373002,1757.919608,1780.789682,1779.213008,1777.358759,1813.150657,1849.41573,1882.337553,1905.282798,1927.312391,1935.730337,1939.633486,1945.365881,1973.147175,2000.250673,2027.173129,2054.547397,2076.263016,2087.76721,2097.762621,2099.850609,2101.161418,2104.037348,2153.868967,2206.112201,2239.717993,2243.966925,2250.189745,2256.945878,2262.383447,2278.394208,2301.581896,2319.546289,2335.749486,2354.368254,2378.316664,2400.906156,2385.446748,2347.276943,2319.882576,2294.805507,2276.929736,2329.491059,2381.217914,2433.069315,2480.161418,2525.556892,2563.530305,2583.33154,2602.921981,2625.238487,2648.264757,2673.846969,2703.796487,2732.846653,2754.796487,2758.513056,2763.949834,2774.658332,2788.439152,2850.541225,2951.044786,2977.799494,2931.725906,2903.464947,2923.992562,2941.385504,2878.794429,2815.163159,2784.385029,2809.776863,2836.419687,2887.032758,2937.581263,2926.552936,2906.664979,2885.416838,2766.676215,2617.725115,2520.652951,2517.903149,2513.41668,2486.308118,2215.169331,2226.877671,2389.207628,2488.175819,2425.116474,2362.432822,2303.229941,2356.63048,2406.922931,2369.46463,2281.905048,2198.796012,2199.44833
6,79.900526,37.277616,3.8,0.867,0,0,0,0.0,0.0,30.85451344,174.762644,322.0993918,499.0390525,686.8701985,871.7349552,960.6824584,1005.105954,1031.373239,1048.426376,1065.302337,1082.706946,1099.826825,1121.435339,1149.375,1179.204385,1204.62644,1228.946863,1258.084027,1289.34363,1344.523207,1445.783771,1546.308739,1599.516965,1587.424936,1574.68598,1593.009603,1611.485275,1628.322023,1643.659571,1657.665493,1689.662612,1723.232554,1741.856274,1750.779449,1759.098111,1770.243598,1782.472791,1799.976472,1825.548976,1849.71879,1867.555378,1886.959347,1890.49968,1878.225672,1899.254001,1943.403969,1996.395967,2057.201985,2116.408131,2152.93902,2175.514565,2197.78185,2225.516485,2254.568022,2284.31402,2310.28057,2336.204706,2364.504321,2394.862036,2423.607394,2448.492958,2474.145647,2501.584507,2532.448944,2562.657971,2552.896927,2543.252081,2555.142766,2573.466549,2591.645006,2602.831146,2614.992478,2639.240877,2671.696383,2704.394686,2720.637324,2734.195262,2738.631082,2734.850032,2735.287932,2763.222791,2790.306178,2797.361076,2800.589309,2805.215589,2846.130602,2899.582746,2945.253841,2938.193022,2936.737836,2944.983195,2953.213828,2955.555378,2950.923335,2956.580506,2976.160371,2997.421895,2995.964629,2986.434059,2982.760883,2997.825384,2987.777529,2957.711908,2935.12612,2945.139245,2966.726472,2987.316901,3009.778809,3035.154289,3062.935659,3092.135563,3121.238476,3154.78009,3193.735915,3228.067382,3239.724872,3252.025448,3263.202465,3310.302177,3353.086108,3341.455506,3329.243918,3329.816901,3364.928617,3388.273367,3379.494238,3370.701024,3433.649168,3491.628041,3451.183739,3370.269526,3306.103873,3298.789853,3289.381402,3298.973431,3325.986236,3343.726793,3352.994078,3354.017286,3297.317382,3182.597151,3076.691901,3025.226633,2974.794654,2921.306818,2899.273528,2905.764565,2925.044654,2945.59379,2930.602113,2910.93902,2886.183739,2868.783611,2852.049136,2808.126921,2683.315941,2568.987356,2524.337868
60,79.900602,37.279508,8.725,2.07,0,0,0,0.0,0.0,2.437094477,22.98053489,46.35147966,178.5277734,356.5929736,530.6376009,607.4855199,634.655167,664.7186264,697.235322,725.9139104,742.576357,758.4695363,775.3411932,793.5345783,810.6969457,831.8395316,854.3616078,869.0914702,880.9393891,919.0330749,1012.015034,1104.114259,1165.542016,1188.489634,1210.470802,1217.337079,1223.447381,1237.721475,1258.625099,1277.418895,1298.594714,1319.24276,1332.540908,1342.410191,1351.756765,1362.71198,1374.080551,1388.368887,1405.948251,1425.356227,1456.830828,1487.381231,1501.933217,1497.990505,1507.166799,1528.702326,1564.842064,1644.090362,1722.199399,1772.097326,1800.067257,1828.486153,1861.417788,1896.055389,1930.190853,1956.152872,1979.71736,2000.727489,2021.989239,2047.863744,2089.94113,2131.50087,2164.131825,2185.358759,2207.184681,2231.508467,2256.415889,2279.938914,2303.995094,2327.326792,2365.843013,2403.748536,2416.694888,2415.544706,2413.676215,2442.39405,2475.774173,2519.941446,2576.984966,2629.289761,2638.717202,2646.914543,2660.831461,2676.640133,2694.02532,2719.381073,2747.671309,2773.490426,2795.900775,2815.33692,2827.612439,2838.195442,2840.141636,2828.863111,2838.31793,2878.659123,2921.507201,2929.133882,2925.766893,2919.839057,2926.42665,2918.807248,2900.841272,2887.459883,2910.868017,2948.710081,2984.579047,3018.582054,3049.774648,3082.417788,3101.796962,3121.28533,3150.336129,3188.169964,3222.768634,3243.197341,3262.727963,3281.816268,3288.658965,3296.780503,3311.475075,3334.530464,3382.075803,3490.427916,3560.125495,3523.202405,3494.49818,3488.273936,3471.395316,3416.005855,3345.631113,3290.13863,3331.732869,3373.125178,3403.322994,3422.519702,3425.502295,3413.470486,3394.078968,3319.134357,3174.654376,3037.372369,3046.44026,3052.09416,3034.15129,2910.777338,2824.721633,2921.861845,3003.669726,2951.21649,2886.039721,2832.935275,2866.247508,2941.486311,2974.81975,2888.016933,2806.421111,2776.031651
70,79.90122,37.279401,8.375,1.691,0,0,0,0.0,0.0,41.75048015,165.8990077,294.987356,489.9614277,701.6560499,904.7456786,977.4114917,1015.206466,1046.703425,1076.611556,1109.076665,1144.75,1182.50016,1210.794334,1230.002881,1250.320743,1280.168534,1309.327785,1341.986236,1376.152049,1449.065461,1561.822983,1671.875,1717.546575,1720.854033,1723.733195,1730.528809,1737.915173,1757.308579,1778.769526,1798.773528,1803.645647,1809.372439,1827.174136,1848.619558,1872.754802,1906.040653,1939.513444,1957.743758,1966.154449,1983.482394,2020.725832,2060.178457,2089.862996,2113.641965,2122.239277,2129.972951,2161.525448,2230.404129,2296.180538,2348.852913,2397.579225,2443.201825,2475.53089,2508.74936,2538.573624,2542.835307,2547.511364,2585.214629,2622.454706,2640.303617,2636.034251,2631.484155,2637.986556,2649.995519,2667.828585,2699.961908,2730.825864,2740.09363,2748.942382,2758.59331,2771.388764,2783.240237,2797.022087,2809.408451,2819.449584,2818.204225,2817.381722,2826.40637,2837.742798,2841.891485,2832.742157,2824.1879,2830.053457,2835.858035,2843.986076,2849.572343,2855.707426,2863.974552,2882.132682,2899.56194,2915.767286,2930.658291,2911.462708,2876.669974,2888.71991,2918.168534,2943.477113,2934.676536,2923.634763,2898.119398,2863.564821,2815.089629,2768.190941,2732.713188,2771.276729,2809.178777,2845.613956,2868.716389,2888.12356,2910.49968,2932.458227,2954.473592,2975.095711,2994.987836,3006.618118,3009.40477,3012.859795,3007.901569,2985.113316,2975.021927,2986.085147,3002.916933,3074.098752,3166.105154,3156.690141,3095.581626,3061.621319,3066.614277,3060.632362,2974.791293,2893.626921,2860.380762,2874.273848,2892.34219,2891.083067,2883.026248,2875.523367,2866.451184,2851.432939,2704.133483,2539.204225,2426.886364,2370.871319,2311.760243,2221.785371,1995.971191,2019.988956,2131.022087,2160.766325,2069.304257,1978.331786,1913.173656,2008.055538,2097.96783,2049.4992,1943.943982,1850.994878,1852.504321
16,79.89913,37.278574,1.775,0.26,0,0,0,0.0,0.0,0.031175819,0.338819433,10.86659282,99.80756449,196.5133724,291.1449596,335.5940813,373.2297832,404.3590758,433.8919133,452.6192436,465.1178984,477.4382022,487.8096218,498.2345308,511.5329957,527.1235955,541.2457667,555.4620984,571.8887482,622.1876879,687.1087197,747.4687451,772.330432,787.6635544,796.3101757,797.7865169,798.5016617,811.002532,824.9631271,839.6203513,855.6567495,872.4821966,874.0724798,875.0382972,883.8308277,903.5310967,921.6382339,932.1000158,940.805982,948.2973572,953.5747745,958.6489951,970.2055705,980.8790948,995.1433771,1014.314923,1058.438994,1115.283431,1166.702959,1186.555784,1206.168856,1225.483146,1245.580313,1265.385188,1289.181833,1319.890647,1351.328375,1377.311758,1402.772432,1423.425067,1441.852825,1459.607058,1485.619718,1513.363349,1537.191328,1555.227093,1571.185156,1579.280741,1587.050008,1610.426333,1646.020889,1674.81611,1680.737617,1688.193702,1710.303371,1748.37142,1781.299414,1806.918975,1831.972622,1844.619085,1848.285488,1859.101757,1885.034816,1911.692673,1941.44295,1970.716569,1997.589017,2016.988764,2035.561323,2047.801234,2059.794429,2065.969299,2058.687609,2051.003798,2067.639183,2085.842538,2107.128185,2129.203671,2142.165374,2126.267289,2100.554835,2076.815319,2063.322678,2081.052065,2126.543124,2169.581738,2207.065991,2236.341668,2266.51543,2294.728913,2323.764045,2359.679696,2405.965184,2446.706283,2471.82244,2493.368571,2516.015034,2539.932584,2562.327425,2585.683336,2612.689191,2648.408767,2685.752018,2707.472385,2721.631113,2740.469695,2754.990663,2752.100174,2724.72195,2680.359867,2655.445007,2673.976579,2705.274094,2731.333914,2737.687134,2741.564172,2752.893021,2758.983225,2732.206837,2617.383922,2490.867701,2430.805824,2391.557683,2337.199557,2245.350055,2136.044786,2169.702326,2223.099225,2259.41668,2288.524134,2302.927204,2294.44295,2265.215699,2228.512581,2181.607216,2146.300997,2127.809147,2127.128818
31,79.901014,37.278238,7.575,1.766,0,0,0,1.421895006,3.583226633,112.543694,482.8284251,841.6901408,1071.942382,1258.815301,1431.852273,1526.394686,1594.432778,1636.894206,1668.557939,1692.295455,1702.060659,1711.995198,1727.962388,1751.471511,1778.802017,1832.042254,1886.713828,1940.50112,1995.073784,2071.806178,2168.961108,2261.809059,2289.928457,2262.126921,2238.12356,2253.37548,2270.557458,2291.877721,2314.609475,2335.630602,2373.886204,2413.819942,2445.890525,2473.071063,2493.81322,2483.518566,2474.670775,2492.622279,2534.049456,2571.224232,2577.372919,2582.955666,2619.518566,2671.815781,2688.21815,2690.179257,2715.202785,2779.048015,2840.130442,2893.935819,2942.87372,2991.462068,3004.784091,3017.524648,3028.267286,3066.598111,3107.473912,3103.244078,3093.194302,3096.337708,3122.181178,3147.384283,3175.277689,3207.87596,3241.31258,3260.421735,3279.334187,3275.203745,3267.244878,3259.103873,3253.760243,3253.994558,3297.411332,3354.913892,3405.623079,3386.729513,3366.041933,3342.897887,3319.231274,3298.464949,3291.108835,3286.701184,3296.873239,3308.885563,3319.212708,3334.724872,3349.639405,3345.426376,3297.525288,3274.239437,3280.117157,3285.21751,3308.940301,3350.822663,3352.571383,3321.390205,3296.810339,3324.06322,3339.073944,3326.464149,3290.604513,3260.955186,3238.107875,3223.93742,3241.247599,3261.816741,3281.840269,3286.147407,3276.385883,3276.72023,3327.315461,3379.225192,3386.284731,3370.891965,3356.547855,3351.770327,3347.300096,3352.215749,3390.483355,3413.351152,3404.505922,3407.125,3429.866357,3462.931018,3475.649328,3470.550256,3472.026408,3480.208227,3469.481434,3385.421255,3307.971191,3265.369398,3280.346351,3291.521767,3281.896607,3263.642606,3242.358195,3220.934379,3188.53105,3083.240237,2931.56274,2798.415653,2728.425576,2653.692382,2573.525448,2446.772407,2449.471991,2611.547375,2746.402849,2690.821703,2632.537292,2572.87356,2553.682298,2532.216229,2496.59443,2443.325384,2400.483195,2391.880762
28,79.900068,37.278535,2.4,0.388,0,0,0,0.0,0.0,0.0,0.0,0.185979513,69.42525608,166.9138924,263.8367478,343.3253841,412.8769206,449.9495839,469.7019846,488.1137964,511.2544814,533.9454225,554.6887004,569.8020166,584.3164213,587.5099232,590.1275608,604.6073944,624.1840589,659.6296415,723.7504802,786.9441421,826.0424136,837.1400448,847.6091549,870.4862356,893.2189501,906.3873239,914.6144366,923.2080666,929.0693022,934.4929577,942.6056338,952.1381242,962.3034571,977.0209667,993.9553457,1007.185339,1017.101633,1026.621959,1043.12452,1060.270967,1076.210147,1091.303937,1099.774168,1103.825224,1120.419014,1185.099072,1248.907971,1295.651088,1330.183419,1365.134283,1389.394686,1410.510243,1432.716869,1457.526729,1482.503361,1502.902849,1522.278329,1543.21815,1571.237516,1599.683579,1624.837868,1644.542734,1662.915973,1693.255602,1722.585627,1750.150928,1776.783611,1802.850672,1802.15733,1800.56354,1815.178617,1842.430378,1871.640365,1906.959987,1942.409731,1971.755602,1992.339469,2014.642926,2054.611716,2091.306978,2105.712228,2112.252241,2120.658131,2147.034571,2178.940621,2207.169654,2212.316421,2223.191261,2244.179898,2265.262164,2281.588828,2290.700384,2304.96735,2322.5621,2341.639085,2349.84379,2351.633323,2352.699264,2362.244878,2356.981914,2339.664373,2328.432778,2354.696863,2395.597311,2435.129641,2470.881722,2499.450864,2529.602753,2561.28217,2592.182138,2620.931818,2646.59267,2671.961268,2696.084667,2720.150448,2744.091549,2747.023848,2749.957586,2770.776569,2794.552657,2836.810339,2922.09251,2978.253201,2953.254802,2932.37564,2941.878201,2944.983515,2895.172535,2824.09491,2767.37532,2802.298175,2837.638284,2869.891165,2894.709507,2887.46991,2855.057939,2815.252881,2739.502081,2624.121639,2517.826985,2486.06258,2451.544174,2401.570423,2261.975992,2171.096191,2248.1879,2317.997919,2327.420134,2329.023207,2331.920615,2332.167734,2323.028009,2292.092029,2215.725512,2144.479033,2117.832426
26,79.89955,37.278692,1.575,1.626,0,0,0,0.0,0.0,0.004012841,0.076083467,0.905617978,76.49711075,171.2314607,265.5287319,359.1542536,452.20626,482.9582665,489.3871589,498.3102729,513.2126806,526.3626003,540.8767255,556.7316212,571.6507223,593.4107544,616.7905297,630.9372392,642.7133226,678.3861958,745.8210273,812.4544141,851.8523274,867.8133226,881.7481541,883.4327448,885.1624398,890.2093098,896.99374,905.6951846,921.964366,939.9922953,956.1001605,970.9223114,984.7916533,985.1070626,986.2086677,994.2361156,1008.756501,1024.749438,1045.177207,1066.699839,1084.898395,1103.514607,1110.000321,1114.066774,1139.747191,1204.624559,1268.302729,1309.879936,1345.203852,1378.983788,1397.455377,1416.001124,1434.260835,1451.682504,1469.333226,1484.409149,1499.894222,1523.133708,1556.467255,1589.943178,1616.118459,1635.804013,1651.101284,1653.669021,1655.783628,1690.18443,1726.367576,1758.958266,1780.001284,1799.440449,1812.213804,1822.705778,1834.645907,1864.656501,1893.232584,1920.097432,1948.792456,1972.653933,1987.517496,2001.374799,2008.246709,2016.38443,2025.488925,2052.963242,2082.599518,2110.690369,2143.99679,2162.888764,2168.632103,2173.412681,2180.238844,2189.727608,2208.200482,2232.216051,2255.381541,2262.189085,2266.395024,2262.14687,2257.848315,2245.979454,2233.29679,2223.684591,2254.336437,2287.486196,2319.517817,2358.790209,2405.60321,2448.775923,2481.504655,2514.394382,2533.332263,2547.501445,2568.365329,2602.049117,2635.150883,2658.407865,2655.626966,2663.281059,2690.418138,2719.512681,2765.193419,2821.618138,2844.517657,2832.204013,2829.325682,2850.840931,2865.786035,2808.183307,2746.566292,2713.986356,2750.94077,2787.20626,2823.504494,2855.385875,2849.468379,2835.59679,2818.492616,2715.82825,2577.045746,2474.558266,2462.025201,2447.352327,2425.326324,2173.591493,2125.82809,2227.794864,2307.847994,2315.158909,2321.415088,2327.960032,2357.16565,2386.304976,2345.636437,2252.621188,2162.247352,2160.349438
71,79.901571,37.279344,11.8,2.73,0,0,0,1.848591549,4.095230474,45.08786812,166.6597311,293.1867798,477.1403649,674.2349552,862.9151729,952.2391165,1012.079866,1044.432778,1064.662932,1086.975992,1118.548496,1150.345711,1180.245198,1205.841709,1232.986716,1260.739437,1289.683419,1321.413092,1353.851152,1415.368278,1518.222951,1619.552337,1672.103713,1676.170775,1680.326344,1686.06162,1691.489757,1709.203105,1732.415493,1754.395006,1763.653969,1771.879962,1785.100832,1798.945423,1814.642125,1837.774168,1861.589469,1875.283771,1880.507042,1889.591389,1914.846351,1940.739117,1969.831946,1998.288412,2007.070743,2007.850672,2032.628681,2101.117798,2166.25112,2212.865077,2253.575064,2292.600672,2317.893246,2342.516485,2367.141005,2379.206466,2390.139885,2419.879001,2449.994078,2472.331466,2480.274648,2486.919814,2506.717029,2535.15525,2561.15669,2570.275608,2578.116517,2591.901889,2604.823944,2620.461268,2642.007042,2664.337708,2681.730154,2697.297535,2710.78137,2701.692061,2691.767926,2691.120519,2699.15509,2710.12404,2730.048656,2749.363476,2750.350192,2749.704866,2750.423335,2773.040013,2799.09283,2815.894686,2813.653169,2814.546575,2823.439501,2828.560179,2829.435019,2823.400128,2825.698143,2837.871159,2850.600992,2850.18822,2847.274328,2836.439821,2815.670455,2777.304898,2736.661172,2707.833067,2732.551376,2760.221671,2786.324264,2812.15637,2841.182939,2870.223592,2881.8137,2892.148848,2907.262324,2926.208387,2946.852593,2972.928617,2998.828745,3019.175896,3008.564981,3000.201985,2999.679738,3010.9371,3061.754962,3151.859635,3172.683099,3091.783611,3025.333547,3027.014565,3014.276889,2941.717029,2862.496959,2816.157971,2846.056818,2872.631722,2915.207426,2966.518886,2958.3121,2921.18598,2871.881082,2775.474392,2653.212388,2549.888924,2503.103233,2452.513764,2390.145327,2220.769366,2174.661652,2257.49952,2310.579065,2265.535691,2223.515045,2194.993118,2249.524488,2306.383643,2301.855954,2229.734155,2162.40765,2154.088508
11,79.899725,37.278108,4.475,1.013,0,0,0,0.0,0.0,0.0,0.0,0.0,75.75896287,173.3692382,272.4412612,341.5216069,401.0380922,435.8902049,462.1117157,487.2167093,509.1523688,529.9215749,544.6534891,552.6765365,561.1478873,576.28121,592.328105,607.7327145,623.112516,658.8444302,726.5945903,794.4010883,830.8599552,836.7488796,841.7267926,851.6387644,861.824904,875.199904,890.8767606,904.0233675,906.7349552,909.7487196,918.6309219,928.7259923,940.8993278,957.8833227,975.9268566,986.1538092,991.3412292,1000.683579,1019.630442,1037.559859,1049.973431,1058.494558,1067.513124,1075.117798,1101.056178,1169.698784,1237.981114,1276.353073,1304.552977,1331.904289,1357.536492,1381.770006,1405.916293,1424.680698,1443.225672,1470.608195,1495.419174,1515.643246,1526.862036,1538.336108,1555.770967,1576.602433,1599.15685,1626.322663,1651.667734,1666.978873,1680.172855,1696.216869,1717.884123,1739.403809,1756.9371,1774.909571,1793.426216,1822.273848,1852.161652,1878.081626,1902.381562,1922.159731,1931.565941,1942.616037,1959.583707,1977.78265,1994.864117,2014.574264,2036.338988,2060.298335,2087.378841,2111.322663,2134.302337,2158.040173,2158.440461,2144.649808,2157.84363,2184.040173,2207.729994,2212.339949,2215.677657,2207.169494,2186.65781,2168.196223,2150.212708,2135.457907,2175.828585,2217.809859,2259.242958,2297.740877,2335.620359,2367.533771,2387.627881,2407.988636,2444.420935,2483.277849,2515.890205,2537.519046,2559.618918,2569.542894,2559.272567,2565.132843,2592.536812,2619.298496,2640.479033,2660.278969,2683.608995,2706.493918,2725.916133,2743.588828,2763.018566,2706.172215,2645.572983,2617.617157,2644.623079,2672.458387,2678.620198,2682.435659,2693.964149,2704.616997,2719.887484,2603.56146,2462.448464,2362.127881,2340.800576,2318.774648,2288.766165,2136.442862,2125.142926,2189.276248,2228.302497,2218.293534,2208.441101,2200.373079,2155.995679,2111.78281,2051.739277,1976.298496,1900.401408,1898.314501
36,79.900351,37.278688,4.65,0.961,0,0,0,0.0,0.0,0.159902597,2.575487013,11.80113636,106.1248377,214.3722403,318.4090909,396.875974,471.7910714,505.8086039,525.9413961,545.1237013,560.624026,575.8816558,590.2857143,606.1142857,621.1730519,635.2993506,649.5875,673.3491883,699.750487,746.3672078,819.4280844,889.4202922,925.2663961,930.0412338,937.5288961,953.1345779,968.8660714,978.6368506,987.0150974,996.649026,1015.96039,1035.728409,1047.711688,1058.338312,1068.169318,1077.203409,1086.589935,1103.616071,1126.331818,1147.496266,1165.465747,1185.213636,1204.061688,1222.954221,1228.418669,1233.633604,1262.683766,1329.092695,1395.213149,1439.377922,1477.153734,1513.172565,1535.610227,1558.014773,1579.475487,1607.374351,1635.478896,1654.75,1674.88263,1694.614123,1715.535714,1736.406656,1772.005032,1812.083766,1843.532468,1844.914448,1848.368506,1878.535877,1910.335877,1939.745455,1966.512662,1991.554058,2013.840909,2034.776786,2056.128571,2077.353734,2100.240422,2130.295942,2164.469318,2192.244643,2207.501299,2222.671916,2235.613636,2248.627435,2261.245617,2311.839448,2362.808442,2392.919643,2390.289935,2401.434091,2422.691071,2441.345292,2453.09026,2461.318994,2477.489123,2497.710065,2519.665747,2540.146753,2558.326136,2543.835227,2511.309091,2482.701786,2459.796266,2441.698864,2491.859091,2541.989935,2592.483117,2632.61526,2665.549188,2698.640097,2728.399838,2759.361039,2789.756494,2819.893994,2848.758604,2876.2375,2903.320779,2927.012013,2944.788636,2955.450812,2964.257468,2971.979383,3015.781656,3086.909091,3119.377435,3114.119481,3110.620942,3113.094968,3117.113799,3053.653409,2991.803409,2955.1,2965.498701,2976.796753,3026.733279,3080.425,3069.983442,3050.811851,3036.17013,2921.799188,2783.696104,2686.830844,2659.124675,2626.004058,2583.328896,2357.564286,2407.887987,2579.922565,2681.340422,2642.079708,2603.498052,2570.839448,2608.539935,2646.769805,2590.338961,2483.09789,2383.587175,2381.783766
68,79.900755,37.279615,4.125,0.92,0,0,0,0.0,0.0,0.513764405,7.158130602,14.83834827,110.6605314,244.6546095,377.3274648,462.6390845,526.2960948,563.5680218,584.3810819,603.1882202,620.0830666,636.3628361,650.159411,662.3753201,673.5200064,697.9129321,721.6272407,739.3273047,755.93758,795.4467029,879.2768886,963.2485595,1014.15749,1023.597151,1031.521607,1035.776729,1039.393246,1056.417254,1078.378041,1101.385243,1114.371639,1127.182778,1147.996799,1173.396447,1196.709027,1209.775768,1223.308099,1235.982074,1247.980634,1261.244878,1274.822023,1289.329065,1309.940141,1334.660051,1344.670935,1346.201024,1361.957426,1439.834667,1515.640845,1568.648528,1606.180858,1644.409891,1663.356274,1680.854193,1698.314661,1739.987516,1783.272727,1805.738636,1823.609795,1850.423656,1891.681658,1934.414533,1963.885563,1982.084507,2001.0,2021.150608,2041.175256,2058.81226,2076.224872,2095.022887,2136.964309,2178.739277,2207.048816,2230.402849,2254.815301,2300.638764,2346.042414,2378.360755,2399.275288,2415.695423,2411.146287,2406.970711,2440.215749,2480.995839,2521.865557,2557.303457,2590.930378,2623.294814,2651.714629,2667.753681,2666.953585,2665.379481,2677.602913,2707.296895,2728.40717,2738.284411,2750.132362,2765.752561,2780.845711,2791.049296,2795.872759,2792.816261,2786.12644,2782.403649,2813.419974,2851.963348,2890.085948,2912.451184,2914.481594,2920.59283,2980.807138,3041.189661,3074.040173,3085.839949,3099.772567,3125.558579,3151.140685,3177.795935,3210.954065,3240.064661,3250.507362,3262.685019,3305.213028,3405.066901,3464.883163,3439.732074,3418.927497,3471.013284,3520.036172,3470.007362,3395.671415,3344.271927,3366.541613,3386.794014,3398.723271,3406.113796,3400.472471,3386.838828,3370.689981,3284.109955,3152.130602,3037.923816,3038.618118,3038.557618,3035.96991,2821.197023,2726.204225,2893.162932,3048.004161,2938.035051,2829.53185,2724.488316,2788.120839,2905.548015,2954.93774,2861.72007,2768.862836,2741.632042
54,79.901106,37.278921,8.55,1.719,0,0,0,0.0,0.0,7.775439152,41.246558,82.32710872,242.767843,444.2150657,639.4677955,739.9056813,802.4540275,853.0788099,897.1956006,933.9322678,952.4644722,969.7358759,988.2625415,1005.28264,1022.867068,1062.378857,1104.38772,1139.827979,1175.183257,1235.053489,1335.382814,1433.842222,1487.614179,1490.008862,1492.338819,1497.886374,1503.813262,1514.692198,1528.551511,1541.224719,1557.98006,1576.393733,1588.970565,1598.191486,1608.109194,1632.284697,1657.638867,1683.387561,1709.716094,1735.332648,1751.707074,1767.126919,1786.501029,1807.263175,1830.845229,1859.073746,1899.288337,1959.504985,2015.815952,2057.996044,2094.188796,2128.839215,2145.395157,2161.5417,2176.712296,2211.19022,2247.06979,2265.805349,2281.185789,2297.075487,2316.748694,2336.248615,2354.040513,2368.871973,2383.181041,2393.834942,2405.507201,2420.184365,2437.071372,2452.546764,2470.307485,2487.31065,2512.702485,2541.645197,2571.232473,2581.852034,2589.560215,2583.906473,2565.790157,2550.713879,2561.685393,2569.736984,2575.240228,2580.021681,2587.311758,2608.571768,2633.666245,2651.986865,2646.112834,2648.701219,2664.21016,2678.093369,2685.495806,2681.375218,2682.744738,2687.830353,2693.94113,2700.913752,2705.653584,2703.160468,2690.756449,2659.744263,2620.915809,2590.231207,2613.889698,2650.547397,2684.487735,2711.687609,2729.090995,2748.126602,2768.760722,2788.285646,2805.054122,2820.068998,2834.66482,2849.31793,2864.5254,2880.197183,2890.388986,2898.779079,2904.216173,2915.937015,2947.608324,3001.973888,3020.322045,2968.921823,2923.274411,2950.315873,2967.949517,2899.636018,2805.38677,2734.554202,2762.73366,2789.792214,2833.399589,2886.727963,2890.28897,2858.7047,2820.285013,2729.838266,2594.496914,2470.073429,2435.732394,2399.347365,2352.801867,2226.413673,2163.89492,2237.377433,2302.037031,2260.504352,2218.585061,2181.210635,2205.260168,2242.776547,2228.087039,2133.6069,2043.30796,2022.493274
41,79.899611,37.279283,3.9,0.677,0,0,0,0.0,0.0,0.0,0.001266023,3.628263966,96.63807564,222.9129609,346.6860263,421.3627156,474.8802026,513.2910271,543.1737617,567.328533,578.5739832,591.3907264,603.4560848,615.9547397,629.6358601,650.2174395,671.7113467,690.984966,710.0889381,749.5717677,821.1943345,892.7119797,933.7776547,940.5945561,947.7050166,948.3168223,949.3082766,960.5921823,976.9759456,993.7339769,1003.287071,1013.689508,1015.073746,1011.605001,1010.62858,1037.072796,1063.581421,1080.001741,1086.105871,1092.9511,1100.247666,1109.872923,1122.836525,1138.506409,1150.816268,1162.898402,1188.143377,1253.771958,1316.473493,1354.492166,1376.1304,1398.732394,1414.623675,1431.381864,1446.323627,1474.911537,1504.962019,1523.018199,1538.708656,1553.945245,1569.679221,1586.037981,1607.400063,1633.496281,1656.762937,1672.088463,1687.802184,1708.558949,1730.674474,1752.075803,1777.181991,1801.480772,1823.523975,1844.217439,1866.991296,1895.718152,1924.636335,1941.903466,1949.394524,1956.478082,1967.96376,1978.936541,1988.618611,1998.963127,2010.697579,2041.831302,2077.445324,2106.329008,2105.945245,2112.972464,2131.032125,2147.805507,2161.206678,2172.110777,2183.223928,2192.93116,2204.685235,2215.111885,2223.176135,2227.524767,2232.0978,2222.456718,2205.508783,2194.119639,2227.34515,2271.964077,2314.948726,2349.498338,2376.769109,2405.799177,2432.029277,2459.47286,2483.375059,2505.565912,2528.203513,2556.180725,2583.661655,2611.264124,2617.269505,2622.350688,2635.919133,2656.78984,2701.053015,2784.97642,2832.862003,2798.266814,2769.380756,2818.800443,2859.538851,2817.83605,2747.596297,2691.379174,2693.535211,2695.966767,2732.185789,2790.136097,2805.683336,2791.403228,2768.589967,2703.372844,2593.601994,2494.204146,2463.541383,2429.069631,2383.821174,2245.592024,2183.555626,2286.737617,2383.436303,2366.238329,2347.877987,2334.479348,2358.555151,2389.688875,2378.809305,2289.855357,2205.579839,2184.346257
33,79.899473,37.279028,1.45,1.639,0,0,0,0.0,0.0,0.0,0.0,1.572183099,87.93870038,192.4210948,295.7535211,393.75,490.1110755,521.584347,529.6040333,536.7162292,546.1680538,555.9742318,573.1394046,596.0769846,618.9897567,635.9611076,651.2568822,665.1171575,679.1341229,717.2802497,789.7599232,861.1789373,900.5462548,912.5054417,922.5171255,927.4596671,932.3660371,932.0944302,929.365717,929.7064661,955.7765685,983.2099872,992.7464789,996.4018886,1000.029449,1003.191261,1006.934539,1020.035531,1037.653009,1054.931338,1067.785851,1080.722151,1099.822023,1120.336748,1124.596191,1124.615717,1144.908451,1198.87516,1250.128041,1290.394046,1327.251601,1362.081626,1381.783771,1401.019686,1420.408771,1433.823143,1447.288892,1462.391485,1478.542734,1499.314501,1525.475352,1553.660851,1575.926857,1595.354353,1610.690941,1616.060339,1620.432618,1645.338188,1670.297695,1696.887644,1719.46927,1740.326665,1755.361076,1768.93662,1784.06322,1808.931978,1833.859795,1855.68662,1875.643086,1894.587388,1913.006082,1929.082266,1928.131722,1927.212228,1927.709987,1965.433899,2003.668374,2034.107074,2047.753521,2060.53137,2069.458067,2078.549296,2084.866517,2090.991997,2107.577465,2128.384443,2150.471351,2152.12484,2152.572983,2141.818502,2125.895327,2110.196383,2095.269846,2085.455826,2122.984155,2159.632042,2195.697823,2233.877881,2275.483995,2312.756242,2341.100352,2371.232714,2398.948784,2423.927177,2451.175256,2479.197343,2507.414052,2528.960307,2532.087868,2539.90573,2559.042093,2581.644686,2634.347471,2708.013924,2725.492478,2688.118918,2663.974072,2674.351312,2678.823303,2636.946223,2596.025448,2573.977593,2590.03185,2607.954545,2665.232554,2724.09235,2705.209507,2671.350032,2635.059859,2519.611396,2373.635563,2269.785051,2252.847151,2233.559699,2203.191101,2014.871959,1969.869078,2013.828745,2046.298656,2042.28041,2038.288252,2038.210467,2086.37404,2130.335147,2082.014085,1976.837708,1880.612356,1879.71927
47,79.901289,37.278654,4.225,0.934,0,0,0,0.0,0.0,6.806338028,21.52400768,33.64676697,157.2176697,300.7335147,449.0568182,540.984475,624.5993918,657.7983355,683.4015685,705.1935019,722.7197503,739.8319462,761.8175416,785.8442702,804.5083227,815.796895,827.3357875,844.0704225,860.0641805,918.3237836,1006.941261,1098.816901,1135.584187,1149.483195,1159.84235,1165.886844,1173.447343,1190.060179,1207.609955,1219.014885,1221.914693,1224.84299,1239.014565,1254.450864,1270.116357,1286.493598,1303.15749,1318.650608,1333.903329,1345.722311,1357.052657,1368.528169,1395.31258,1421.966389,1431.71831,1438.964949,1470.888604,1528.077945,1586.523528,1617.683579,1647.145487,1673.613476,1694.431018,1714.838828,1731.045615,1744.246959,1763.699904,1794.954545,1825.412772,1842.345871,1856.336588,1870.404609,1892.138764,1914.555378,1941.838508,1971.403489,1997.403329,2018.833227,2039.815941,2054.348912,2066.200704,2084.099072,2111.078425,2137.108035,2158.93646,2181.025448,2205.960307,2240.158451,2275.422375,2276.055378,2265.727753,2264.792093,2273.972631,2283.683899,2291.016485,2300.791613,2310.898207,2313.651408,2314.731754,2334.850832,2354.383483,2373.076985,2358.297695,2346.596991,2374.583067,2404.252401,2422.622439,2435.666293,2452.410051,2453.369878,2444.478073,2422.628521,2395.444782,2383.733195,2414.809859,2449.886204,2486.056818,2505.452465,2522.729353,2543.921575,2567.951665,2589.053777,2606.09235,2626.363316,2649.665653,2673.72007,2697.480314,2714.580986,2729.889405,2755.223431,2780.385563,2802.659411,2870.239917,2953.869558,2952.756402,2928.990237,2916.205986,2924.057778,2906.013604,2842.27977,2766.646287,2769.048335,2794.845551,2820.833547,2846.729994,2861.420935,2852.390525,2841.822023,2787.40717,2625.602753,2454.68902,2419.369078,2421.073944,2427.585147,2264.714949,2007.412292,2090.825384,2216.114277,2245.018726,2224.973271,2202.455026,2209.833227,2272.818502,2339.451985,2275.927497,2192.40509,2135.494718,2131.631082
57,79.899893,37.279779,3.325,0.594,0,0,0,0.0,0.0,0.438860435,4.149007682,12.83114597,109.0585787,239.4887964,367.3119398,461.6862996,539.6213188,579.1523688,595.1733355,610.0659411,638.1967029,666.0408131,687.4459027,694.7288732,703.078265,715.9265365,728.5579385,743.7314341,761.8618758,802.6054738,883.024968,961.7351152,1005.927817,1009.315941,1011.375,1036.960948,1063.266005,1079.977913,1088.350832,1097.903969,1101.135883,1102.965589,1115.291133,1134.262484,1153.816261,1170.673976,1186.633323,1193.409571,1185.341229,1180.221671,1212.241357,1244.482234,1263.801857,1266.510723,1271.339789,1279.279129,1301.840429,1369.038252,1432.640365,1479.681658,1515.212388,1549.099872,1571.868598,1593.068022,1615.350192,1632.169654,1649.989597,1674.689181,1700.864597,1727.201665,1748.768406,1771.566261,1796.120839,1822.714149,1847.286812,1876.307458,1904.860275,1931.31258,1955.897407,1981.4371,1977.597631,1972.928777,1982.300736,2002.666453,2024.452785,2055.298496,2087.024328,2109.041133,2116.613636,2126.314181,2176.474712,2224.154449,2235.474072,2234.197983,2237.665973,2253.299456,2276.634763,2295.893246,2305.309699,2317.211268,2332.409091,2347.953105,2356.739117,2357.698464,2367.163572,2389.856914,2415.275768,2431.321223,2441.599552,2443.9371,2432.954545,2418.221991,2400.222791,2395.21943,2419.18694,2455.553617,2489.130762,2524.691261,2567.869238,2612.236876,2632.332746,2650.778489,2680.056338,2721.238316,2760.067862,2775.03073,2789.3137,2805.756242,2828.483035,2849.787772,2860.912772,2885.492798,2934.033291,3028.065461,3082.633643,3024.4387,2978.368278,2985.945102,2984.00096,2939.90493,2877.771447,2834.417574,2890.399168,2945.038892,2986.591709,3015.402049,3008.599232,2964.06386,2906.284251,2834.431978,2741.073303,2650.765845,2613.152369,2570.414853,2502.743118,2386.674936,2292.755762,2379.449424,2447.960147,2433.482554,2408.440781,2401.71991,2418.629641,2443.533611,2450.674456,2414.99968,2385.793374,2371.916933
1,79.899237,37.278093,1.65,1.374,0,0,0,0.0,0.0,0.411774015,3.179617028,8.204304479,96.05111568,208.0229467,320.4597246,399.9357493,467.136414,499.3438835,517.0110777,534.7276468,554.3739516,573.3813895,588.7968033,598.7439468,610.8716569,627.5610065,643.4984966,656.80978,669.5459725,703.9006172,774.0436778,843.520652,884.2285172,896.1596772,906.7406235,913.7043836,920.0427283,932.7314448,950.6469378,966.5864852,981.2796329,995.9457193,1006.528565,1014.886058,1024.696946,1043.556892,1062.085931,1073.933376,1079.065833,1086.418895,1108.486469,1130.093053,1137.051432,1136.82972,1150.79348,1172.20921,1209.377433,1279.673366,1347.152398,1381.381073,1398.933376,1418.174395,1446.081025,1473.691565,1502.337395,1519.984175,1537.062035,1565.482038,1594.172654,1617.244342,1632.029435,1646.279633,1669.105238,1698.830669,1727.232948,1746.906156,1767.100332,1771.866276,1775.523026,1783.613072,1808.065833,1832.512898,1850.243076,1866.397056,1883.509891,1926.221871,1969.241494,1999.43029,2021.447856,2040.801709,2049.217756,2057.126128,2080.328216,2105.739199,2133.595664,2167.81247,2203.565912,2230.211742,2242.354961,2261.253205,2287.9185,2314.51179,2322.00633,2314.696313,2316.702959,2327.692515,2338.848552,2348.289128,2358.733819,2363.963127,2364.319671,2351.7047,2331.011869,2318.405919,2354.006488,2397.400538,2439.294034,2464.11505,2471.106029,2485.44833,2545.42665,2604.824181,2645.414148,2676.625574,2703.584428,2723.997626,2744.751385,2767.008704,2799.969457,2828.687292,2846.843963,2865.462731,2888.831302,2913.081342,2931.377433,2944.069473,2958.013768,2972.906947,2978.937648,2931.966767,2882.413198,2861.595664,2898.688084,2930.978794,2956.348789,2979.828454,2997.548346,3011.646147,3018.592024,2950.391676,2840.884475,2744.979427,2687.247349,2629.44026,2567.489476,2552.899509,2563.526982,2591.108561,2617.463681,2614.22551,2608.951575,2598.212692,2576.444532,2548.553885,2493.297041,2406.170755,2327.454344,2310.076753
22,79.900587,37.278074,8.275,1.972,0,0,0,1.401012818,3.552619085,68.62240861,355.5679696,644.7178351,863.0854566,1047.608482,1225.796012,1301.350214,1331.719418,1355.831777,1377.150498,1396.886691,1406.90125,1416.636335,1432.88131,1459.641082,1486.064251,1527.204621,1568.973888,1606.439627,1643.759139,1709.604843,1812.028486,1913.082766,1961.193069,1955.911537,1952.37316,1967.137522,1982.751701,1998.993195,2016.20921,2032.389777,2054.761038,2078.661814,2109.805507,2143.434246,2174.233423,2178.919291,2183.027219,2192.645355,2208.705491,2225.180567,2246.372053,2266.896344,2294.236113,2327.245608,2335.427599,2329.692198,2346.363349,2430.026745,2508.837,2560.428391,2597.206204,2633.120905,2650.104289,2665.632379,2681.288495,2713.077702,2745.577307,2768.94113,2791.50087,2815.616395,2844.742997,2872.759772,2891.683178,2901.053173,2913.248457,2930.418579,2944.876246,2949.7047,2954.147333,2959.53442,2975.012027,2990.529039,3020.621617,3057.622409,3093.306852,3102.863586,3110.674316,3095.533945,3060.974047,3036.348789,3054.275044,3071.1649,3086.301788,3101.356702,3118.469695,3143.197816,3169.235639,3183.796803,3162.209369,3149.45925,3148.185472,3145.550245,3156.903782,3187.076911,3197.531413,3186.210635,3178.90125,3196.053489,3209.571609,3209.369837,3194.246241,3166.029752,3131.379016,3107.631904,3125.855357,3154.711663,3182.155404,3195.394524,3190.21016,3188.370945,3231.44026,3275.776072,3293.734768,3291.212375,3289.068365,3299.574933,3310.095426,3323.753284,3360.841905,3391.52081,3390.118373,3393.187688,3407.834309,3434.306061,3451.290394,3458.511157,3470.618611,3489.379016,3496.972939,3431.58696,3355.605792,3305.834309,3328.353853,3349.710555,3345.3931,3324.957746,3318.239911,3319.581421,3310.316981,3218.991454,3070.132774,2941.270771,2932.037189,2920.185314,2901.361133,2794.278683,2738.952524,2810.837633,2882.24909,2848.012344,2811.619402,2772.285963,2770.184998,2771.62589,2749.321412,2688.05254,2637.175977,2622.306536
2,79.899496,37.277933,1.65,1.713,0,0,0,0.0,0.0,0.102432778,2.117797695,5.8881242,85.14820743,202.8998079,320.9127721,398.9002881,452.4913572,488.8085787,511.3516325,533.8737196,549.9361396,568.0921895,584.1610115,595.3161012,608.3754802,618.743758,628.9767926,643.7048656,659.3799616,689.7143086,755.471991,820.3433099,864.5040013,874.4580666,884.3095391,902.7223111,920.634443,935.4958387,947.8111396,960.9894366,969.0398528,975.0648207,982.7661652,989.6013124,998.337388,1016.325224,1034.723271,1048.827305,1056.602913,1064.419814,1074.140365,1083.355474,1098.942702,1119.853553,1136.330346,1149.238796,1169.31338,1235.652849,1299.995359,1347.96991,1383.100672,1418.173976,1434.919334,1450.246639,1464.629001,1494.806178,1528.136684,1550.071223,1569.709827,1590.871799,1618.28121,1645.694462,1673.81274,1701.861556,1730.12516,1761.231434,1792.134283,1812.475832,1829.229994,1846.78233,1864.628201,1882.332266,1900.840269,1920.141005,1940.264405,1971.552497,2003.297535,2036.357875,2068.918054,2101.110115,2127.529449,2153.788572,2175.460948,2194.853233,2216.310179,2240.828265,2265.800416,2289.946223,2305.143406,2321.133003,2338.333707,2355.152209,2373.955346,2392.514885,2412.698303,2435.004321,2457.84267,2468.384923,2475.109475,2480.40685,2484.586748,2480.458387,2469.071703,2460.111876,2490.616997,2536.109475,2580.615717,2622.956946,2663.455826,2703.685179,2741.587388,2779.149648,2806.867638,2825.116677,2845.43614,2885.152209,2924.90749,2964.334027,2951.310819,2940.003841,2975.915813,3011.987996,3053.708547,3113.545615,3163.354033,3168.759763,3173.916293,3197.245198,3218.461268,3196.886524,3152.637164,3115.763924,3156.984795,3195.576665,3238.321383,3284.028809,3293.901569,3267.208227,3237.829385,3194.004962,3132.950224,3073.715109,3072.204545,3069.331306,3064.449104,3031.84299,3007.620038,3041.131562,3074.361716,3073.830826,3068.007843,3060.238956,3047.574904,3027.960627,2993.239757,2906.700224,2825.555378,2793.201344
66,79.900205,37.279764,6.825,1.578,0,0,0,0.0,0.0,0.504961588,5.308578745,15.32890525,152.7067862,334.6149168,512.7075864,606.5721831,666.3866837,704.3689181,731.7080666,758.6597311,787.2634443,816.1877401,835.4039693,839.8487516,846.0208067,875.7367157,906.2791293,924.5997119,941.3385083,985.5518566,1071.84347,1154.755762,1202.447343,1218.090909,1234.372439,1249.229834,1264.829065,1286.611876,1310.462548,1332.379481,1320.298816,1309.108675,1320.540013,1342.191901,1364.104033,1381.515685,1398.169174,1415.529289,1436.145647,1456.369558,1477.368438,1497.772247,1520.974232,1544.293854,1553.856914,1558.860275,1584.34251,1662.119718,1736.391005,1780.2492,1809.850352,1838.497279,1866.145967,1893.795935,1923.047055,1956.896767,1991.110435,2016.507202,2041.985115,2062.885083,2081.071063,2099.800096,2118.011844,2133.606274,2152.319782,2197.37596,2240.358995,2258.427977,2272.166453,2288.28073,2311.478393,2333.059699,2346.864277,2356.663732,2368.931338,2401.949264,2434.31322,2459.567862,2479.382202,2498.586268,2515.175736,2529.414052,2545.286172,2561.324584,2578.684699,2604.505442,2632.370999,2653.981114,2659.011524,2675.24984,2706.102753,2734.888124,2748.597311,2751.00144,2759.779289,2778.176697,2798.367638,2812.284251,2821.263924,2819.422535,2803.107234,2779.779289,2755.102593,2738.023367,2780.721031,2832.041293,2880.072503,2923.522407,2958.177337,2992.247279,3023.587068,3054.576985,3083.178777,3108.959187,3133.56402,3160.341709,3188.581306,3208.444462,3194.136044,3185.53281,3194.548175,3213.086908,3278.908451,3400.584827,3450.987196,3394.421575,3351.369398,3364.959827,3370.654609,3318.333867,3260.50112,3224.237036,3237.887804,3252.898848,3288.045935,3330.169334,3323.706146,3295.684219,3259.889725,3179.911492,3076.889085,2995.192702,2987.31178,2971.181498,2947.247919,2744.923816,2684.847791,2804.995679,2900.826504,2828.101152,2758.891485,2698.240557,2749.788252,2815.34299,2819.956306,2753.095871,2690.238636,2680.558099
43,79.900076,37.279146,2.175,0.299,0,0,0,0.0,0.0,0.011710714,0.66244659,3.705649628,82.27504352,190.8150024,299.0074379,378.3415097,447.550087,487.6106979,511.7958538,532.4635227,550.4722266,567.8276626,581.3321728,589.6515271,598.3236272,620.0210476,642.9493591,660.055072,676.4019623,712.8659598,786.632062,858.6616553,900.3481564,906.5152714,912.9818009,919.4203197,925.4507042,940.8119956,959.8855832,977.7235322,986.0750119,993.6496281,1009.103023,1030.057129,1049.311442,1058.598987,1068.243235,1075.101757,1080.800918,1086.082608,1097.921348,1108.928786,1125.047634,1145.12043,1154.111094,1158.441051,1176.889065,1240.987182,1303.295142,1348.050483,1382.627789,1416.561798,1432.833043,1445.611647,1459.261276,1489.456401,1521.81975,1541.581738,1559.279949,1580.463364,1614.386612,1647.515904,1667.398323,1674.091154,1682.569394,1705.772591,1728.151765,1734.833043,1739.707074,1748.694888,1790.445482,1830.790948,1852.578731,1867.909005,1884.249881,1931.493274,1978.781928,2006.778604,2023.110777,2034.556734,2032.725273,2031.541541,2050.51543,2072.221238,2095.844279,2132.223928,2170.317455,2202.760089,2212.7047,2221.540117,2228.181833,2233.648679,2247.909796,2272.280582,2289.662447,2300.556892,2311.043994,2321.652951,2331.979269,2342.399589,2356.079443,2348.592499,2328.437253,2314.280582,2352.423168,2400.501503,2448.473651,2482.299889,2496.945561,2514.61592,2562.907897,2610.486628,2641.401804,2660.668777,2678.157936,2699.626207,2721.428865,2744.55436,2777.927995,2808.472227,2818.706124,2833.680646,2870.502769,2940.046526,2981.065675,2976.484887,2977.971673,3021.260009,3059.105871,3014.346732,2954.169647,2914.752651,2927.405444,2939.331223,2958.303213,2983.642981,2983.674632,2967.379016,2945.370787,2870.006172,2761.448963,2666.042095,2634.413515,2599.667669,2558.007596,2407.307327,2347.870549,2440.231366,2515.863428,2477.060294,2437.550878,2404.476658,2440.025162,2491.67843,2483.979427,2374.581896,2270.124387,2243.032284
39,79.901129,37.278501,5.2,0.265,0,0,0,0.0,0.0,0.450384123,5.239916773,13.43005762,125.2834507,252.5083227,381.9345391,466.15637,535.487516,566.8706786,591.1867798,612.9809539,637.7288732,662.7853713,682.2351152,697.7752881,712.9006082,726.896927,736.6035531,758.1677337,779.3521127,841.9796735,926.3769206,1008.293374,1032.81274,1033.084987,1033.117478,1046.889245,1064.09235,1080.677497,1091.81354,1095.684859,1102.287772,1111.03185,1124.228873,1139.963348,1152.538732,1161.327785,1170.940461,1181.335948,1190.753041,1196.549136,1202.679257,1212.180218,1228.073944,1238.965269,1246.810339,1254.93822,1287.963988,1345.366517,1397.479033,1434.422215,1465.608195,1491.184379,1507.958387,1522.196863,1545.464629,1574.142606,1598.853873,1622.081146,1645.710147,1663.87388,1680.434539,1696.8129,1714.259443,1732.56306,1752.15589,1771.959507,1788.350192,1808.108035,1829.202785,1850.62484,1858.903969,1867.543054,1883.679417,1902.37372,1921.273207,1945.239117,1965.754001,1984.940301,2001.698784,2022.369398,2042.790973,2052.039373,2057.00144,2063.546895,2074.49888,2090.474872,2107.756562,2128.784091,2148.270967,2159.783131,2163.512644,2163.169174,2160.522567,2162.90509,2173.25112,2188.055218,2204.888444,2204.681018,2198.00048,2184.963028,2177.31386,2152.085467,2117.577145,2121.832106,2156.746799,2195.885243,2227.006242,2252.039853,2286.527369,2327.899968,2359.837868,2398.463348,2430.397247,2452.979834,2468.068662,2489.289052,2509.814821,2528.020166,2547.006562,2568.334667,2591.786812,2616.489917,2655.419814,2689.810339,2688.558099,2669.78137,2668.223431,2679.934539,2658.107394,2599.014405,2543.353393,2526.690621,2546.452625,2580.803777,2617.606594,2636.840589,2636.039213,2629.648207,2568.997119,2464.600672,2351.657971,2270.534571,2217.012164,2159.455826,2055.021287,1921.560339,1878.697663,1929.033131,1984.90653,1976.101633,1968.309059,1957.15493,1977.391965,1979.252081,1944.815621,1882.12452,1846.057298,1839.523207
56,79.899656,37.279852,3.275,0.625,0,0,0,0.0,0.0,0.340243709,2.251463839,8.680803925,100.4689033,214.108878,325.8583637,410.792214,485.1732869,527.193385,554.4427916,577.5780978,590.1050799,602.5682861,620.2289919,645.6304795,669.2962494,682.4269663,696.013768,715.5967716,738.4298148,779.4302896,852.997468,923.2054122,961.0234214,960.74094,962.0705808,975.040671,987.0307011,999.8680171,1011.568919,1023.827504,1027.607058,1030.668144,1046.529831,1066.410824,1084.523501,1089.872132,1095.300522,1103.943978,1116.146859,1130.045735,1146.642981,1164.151132,1181.084032,1198.782877,1219.101915,1242.766419,1276.730179,1332.379965,1386.169331,1415.25542,1433.182624,1451.523659,1472.160627,1493.208894,1514.614812,1535.415256,1556.222662,1573.516537,1591.15493,1615.705966,1650.690932,1687.047318,1703.708182,1708.687767,1716.303371,1746.379332,1776.985282,1804.35148,1829.978478,1854.964551,1872.296724,1889.541067,1909.896661,1932.211426,1954.489634,1978.162367,2000.256686,2020.106662,2037.357493,2053.247033,2063.566704,2073.237379,2084.219022,2095.084824,2108.078968,2129.261434,2152.189587,2177.615287,2207.367305,2227.793955,2239.374743,2249.316189,2259.483463,2268.184839,2285.217598,2309.889856,2334.491059,2345.270454,2353.109353,2358.611489,2361.648995,2347.985282,2327.58063,2310.432505,2346.514164,2386.451654,2425.645355,2464.567337,2503.504194,2539.802342,2563.787308,2589.015667,2616.856306,2644.392784,2669.356227,2689.883368,2710.181674,2727.469378,2742.090679,2758.72464,2780.011078,2807.049691,2858.039721,2943.340402,2979.916917,2935.962178,2901.749011,2926.898085,2949.979585,2905.231366,2849.431556,2814.352746,2850.527299,2887.948568,2914.810097,2936.384238,2940.510049,2937.205412,2930.38946,2862.215699,2758.690457,2667.067099,2629.113784,2587.607375,2549.262542,2339.014559,2297.808672,2449.049375,2568.355436,2489.782877,2412.223137,2334.263491,2405.316664,2492.348473,2490.405444,2389.989555,2291.948568,2280.99636
25,79.899343,37.278707,1.675,1.876,0,0,0,0.0,0.0,0.139285714,1.138636364,2.888311688,87.22727273,190.6753247,293.4435065,374.6702922,448.8043831,483.7092532,505.9767857,525.6113636,544.7061688,563.2193182,579.2058442,591.5219156,604.0175325,623.3728896,643.5055195,656.9829545,669.3160714,707.5295455,780.2678571,853.5334416,892.3482143,903.6449675,913.7738636,917.825974,923.2375,938.9967532,958.7594156,976.8887987,982.0066558,986.8529221,998.7363636,1014.521591,1028.10763,1037.020455,1045.309253,1062.156494,1085.021104,1103.578247,1107.57224,1113.026948,1125.866071,1142.131818,1152.611688,1162.689123,1193.943019,1261.869318,1328.224838,1366.305195,1395.525162,1423.273701,1443.004058,1462.438312,1483.78961,1525.230844,1566.322078,1579.077597,1592.486364,1615.578409,1650.345942,1685.124351,1706.618182,1722.611201,1741.808442,1777.218994,1813.151786,1816.795455,1820.636688,1830.969968,1864.024188,1896.381169,1912.177597,1924.19026,1940.226461,1976.965422,2012.995455,2037.037338,2057.117857,2073.574838,2084.975162,2095.203084,2126.797403,2158.234091,2190.679383,2202.397078,2211.852922,2224.342208,2243.563799,2261.152597,2276.523214,2291.499675,2310.304708,2331.017857,2333.074838,2326.33961,2322.943669,2335.717208,2348.286201,2355.370617,2358.609253,2347.069156,2331.762662,2320.425325,2361.643019,2404.263474,2445.216721,2466.293019,2475.092695,2500.414123,2567.800649,2634.92013,2656.521916,2665.717045,2681.871266,2708.994805,2736.140909,2765.250974,2793.760877,2821.643831,2851.926786,2883.291234,2925.346753,2974.857305,2993.239935,2977.493506,2974.698864,3013.673377,3047.786851,2971.599188,2894.239448,2854.598864,2881.875162,2908.591721,2926.126948,2941.374513,2937.105844,2928.416721,2916.404383,2819.192532,2692.498214,2591.826461,2542.934253,2491.451461,2432.021916,2231.159091,2245.857792,2397.291721,2503.607305,2478.27711,2452.061201,2423.913312,2423.777435,2422.908929,2383.519318,2318.182955,2257.257792,2255.858117
63,79.901472,37.279058,11.2,2.31,0,0,0,0.0,0.0,15.09587068,58.14836748,104.5747439,268.1954225,445.7940141,621.1834187,703.5965109,771.9726312,801.6600512,827.403009,852.0934699,875.9322983,898.887484,931.3775608,967.1056338,998.759443,1021.988316,1046.93886,1084.743598,1122.119238,1181.651408,1267.878681,1353.935339,1398.590109,1417.262964,1433.057298,1445.888284,1458.556338,1469.90781,1480.81146,1501.101793,1534.285851,1567.200224,1595.163572,1622.560019,1640.859155,1650.513764,1659.915013,1686.262324,1712.699584,1737.363316,1762.31242,1785.517446,1802.198143,1821.011844,1841.631562,1862.09491,1902.737356,1967.721511,2032.37404,2082.791133,2127.823303,2162.571383,2180.010083,2197.398688,2224.515685,2265.9992,2302.384923,2330.944782,2359.490557,2377.090589,2392.342029,2407.584987,2432.007042,2458.493438,2471.356914,2472.993438,2483.639885,2508.568822,2532.238796,2555.15493,2577.176857,2598.704225,2614.99904,2630.867958,2645.471031,2656.997759,2668.525608,2674.841069,2683.602913,2686.447663,2684.28009,2690.927657,2709.320743,2726.601312,2754.991357,2801.904449,2850.684699,2839.909411,2805.525288,2828.585627,2856.306178,2880.144366,2868.065941,2851.598271,2843.148848,2836.534731,2847.542734,2862.748079,2875.551056,2863.394206,2847.036972,2800.164373,2748.935659,2736.553777,2776.165333,2819.262324,2854.770166,2864.00128,2871.353553,2903.441421,2939.823143,2975.464309,3005.604033,3035.129001,3044.704225,3050.052657,3055.478233,3087.552017,3122.955826,3115.560819,3103.091709,3091.56386,3175.623079,3279.067382,3263.8742,3219.909571,3214.15573,3240.03185,3221.068822,3114.479994,2998.578425,2989.28057,3020.321863,3043.208707,3047.425096,3048.914693,3044.144686,3032.734955,2994.204545,2866.271287,2726.011684,2656.74936,2624.692061,2593.979834,2481.077465,2315.828585,2353.745679,2452.65589,2449.24856,2388.097471,2325.146287,2344.121639,2435.266165,2494.231274,2421.319942,2320.725512,2273.244878,2267.459347
10,79.899511,37.278147,2.125,0.35,0,0,0,0.0,0.0,0.044014085,0.732074264,1.90925096,69.59939181,161.1851793,253.6610115,329.0363316,398.4803137,442.2664853,473.5049616,501.040653,513.3300256,525.0054417,539.0240077,556.0222471,572.600032,589.6722151,605.9772727,622.5001601,640.4121319,677.321863,749.0083227,820.4521447,858.0721831,857.9362996,857.3418694,863.8847631,869.0548976,879.4385403,891.8543534,904.4210948,917.0524968,929.4691101,941.915653,952.4809539,963.4942382,973.1803777,982.8372279,996.9982394,1016.982714,1034.588988,1038.431178,1042.508483,1051.15717,1065.433739,1081.512964,1098.371959,1132.321383,1207.331626,1281.832106,1319.31242,1339.888604,1360.786012,1374.947983,1390.370519,1403.474232,1430.318182,1456.977913,1480.786972,1503.388124,1524.776569,1543.706146,1563.24872,1582.716069,1603.698303,1623.079866,1640.525288,1658.71847,1676.357714,1694.197503,1712.34395,1729.472471,1746.84443,1773.652529,1806.957266,1840.977753,1871.735915,1901.751601,1914.053137,1912.538732,1913.959027,1932.320102,1949.90477,1971.507522,1995.24952,2020.477433,2050.098592,2078.308419,2101.855474,2113.042093,2126.300736,2140.326985,2154.512964,2167.71879,2179.970871,2191.856754,2201.080506,2211.878521,2220.693022,2228.34331,2235.486396,2240.641485,2225.658291,2203.959187,2185.066421,2222.8113,2268.589789,2314.288412,2348.955506,2368.102593,2389.482875,2416.961588,2444.99968,2477.629481,2512.041773,2540.154609,2556.970391,2571.65749,2587.831786,2600.074264,2613.753681,2639.298335,2665.65733,2690.005602,2707.766325,2717.140205,2720.240077,2726.614757,2749.352753,2765.637164,2730.976953,2682.754161,2654.74984,2672.392446,2689.839789,2717.201504,2754.31322,2763.979834,2758.815781,2746.892766,2656.976152,2517.975352,2397.886204,2371.392125,2344.826184,2315.774008,2288.080186,2270.710307,2262.974712,2258.457106,2256.060019,2252.585147,2245.331466,2254.550576,2266.822343,2227.123399,2117.174136,2015.008163,1994.474712
24,79.899046,37.278734,1.9,0.227,0,0,0,0.0,0.0,0.0,0.0,2.631168831,68.46314935,156.5152597,245.1920455,321.6737013,388.0016234,423.6983766,449.1090909,469.0074675,487.1056818,504.7209416,521.6003247,530.8021104,540.3186688,555.8345779,572.9034091,588.4886364,604.4519481,644.3042208,714.3305195,782.761526,816.6842532,819.3081169,823.8060065,830.2318182,838.2061688,851.1530844,867.9741883,885.2118506,895.1357143,904.0256494,911.836039,917.812013,924.3883117,943.6719156,962.712987,976.1589286,982.4996753,989.4797078,996.4047078,1002.860552,1012.368182,1025.790747,1038.433604,1052.444318,1080.496916,1135.982468,1188.92289,1222.891721,1249.832468,1276.120617,1290.60276,1305.186039,1318.43961,1349.58961,1385.728409,1408.921104,1428.516721,1447.303896,1464.213961,1481.683929,1503.564935,1530.90974,1555.761039,1586.312987,1616.359253,1626.692208,1630.769156,1637.078571,1663.990097,1689.955195,1708.745779,1724.740422,1743.358766,1771.359091,1799.862987,1825.496266,1853.000487,1877.223214,1885.145779,1889.76737,1909.467695,1935.804708,1965.588799,1989.660552,2011.15276,2026.871753,2031.514286,2041.849513,2054.857143,2068.012825,2076.139123,2078.486039,2087.297565,2101.91737,2118.217045,2129.009416,2135.671266,2141.616071,2153.75763,2144.973377,2125.108442,2117.77711,2138.176623,2164.299675,2189.257305,2215.655519,2248.684416,2282.11039,2308.931981,2334.970942,2366.282305,2399.108442,2430.177273,2459.346266,2489.568344,2516.936039,2530.266558,2545.839773,2582.50487,2622.69724,2664.046266,2670.289773,2662.839935,2673.984578,2694.173377,2704.320455,2694.887013,2641.861688,2579.501786,2542.688799,2560.873701,2574.191071,2606.92224,2656.01461,2676.562013,2671.434578,2646.200812,2544.832143,2375.500325,2231.064286,2198.33263,2162.91461,2094.185714,2006.527435,1980.630682,2015.966234,2044.153734,2062.310877,2071.90763,2078.528896,2075.634091,2061.610714,2013.571104,1911.604545,1823.953409,1791.163799
19,79.899809,37.278425,1.7,1.399,0,0,0,0.0,0.0,0.0,0.0,0.765685019,64.60115237,146.0649808,227.0049616,299.4751921,369.7536812,412.7080666,443.981274,467.6731754,472.7419974,477.762644,487.8457106,502.6296415,516.7677657,531.9220551,547.1024328,564.6978233,583.731114,621.8838028,685.4591869,749.6925416,778.3007362,775.7277529,777.1085147,788.0817862,798.9988796,809.4452625,819.6770166,829.7903329,840.7323944,850.5889885,859.8101793,868.4567862,878.2055058,890.5489757,903.1088348,914.9647887,925.8497119,938.6800576,949.7877721,960.2663252,973.2978553,987.8974072,1000.987036,1013.081786,1041.785371,1106.404129,1169.332746,1204.118118,1227.738476,1251.101472,1268.783451,1284.609955,1301.756562,1330.449744,1360.547215,1381.103393,1400.598111,1421.350192,1444.997599,1467.761364,1491.870999,1514.918534,1538.525608,1560.53201,1582.047215,1597.572823,1611.552017,1626.776408,1647.534891,1666.918694,1696.0629,1728.915493,1763.260243,1793.553297,1822.209667,1845.262644,1863.417894,1879.012644,1896.00144,1909.948143,1931.514885,1954.024648,1979.940301,2004.202625,2027.948944,2046.315141,2062.434859,2079.620679,2095.553937,2110.56114,2123.123079,2135.554417,2148.681498,2160.003841,2172.109955,2191.731274,2209.618118,2217.600992,2210.464149,2196.34507,2180.022087,2170.419654,2209.965909,2254.008163,2297.148207,2331.378521,2360.122119,2388.065141,2415.658931,2445.153009,2479.178297,2514.24872,2547.641805,2577.995038,2609.631722,2635.814821,2645.361716,2655.841549,2678.623399,2704.944462,2739.334667,2775.879321,2793.326344,2793.432138,2800.020166,2823.197823,2834.690941,2785.90781,2727.664533,2699.429097,2739.090749,2776.24856,2802.488796,2820.759443,2824.084027,2821.304097,2807.464789,2706.72007,2558.859795,2442.515045,2420.515205,2397.351633,2352.160211,2252.646767,2233.12516,2278.573303,2316.0,2300.236396,2281.829065,2266.783451,2310.365237,2359.996159,2355.03249,2296.225992,2246.21895,2238.125
61,79.900923,37.279253,6.45,1.346,0,0,0,0.0,0.0,39.00600649,237.8136364,443.2217532,653.9321429,860.1983766,1061.838474,1166.783929,1226.521429,1272.621591,1311.322565,1346.945455,1375.083604,1402.876623,1423.606981,1433.433442,1443.418019,1486.731656,1534.139286,1559.341071,1579.238474,1631.161364,1739.406331,1846.415584,1911.585065,1928.768669,1944.681981,1957.525487,1970.92013,2003.543669,2046.909091,2089.124675,2084.949351,2078.965422,2090.733604,2112.311201,2133.189123,2144.974675,2156.33474,2179.994481,2217.840747,2254.072078,2266.293994,2277.984578,2308.123539,2353.299513,2371.943994,2375.120779,2392.911039,2445.534416,2496.319156,2548.923539,2605.212662,2661.041071,2688.086851,2711.132468,2734.440584,2773.690747,2814.297727,2824.381331,2828.23263,2838.226461,2865.623052,2892.671753,2904.044968,2896.470292,2889.987175,2948.676299,3008.444156,3019.578896,3018.508279,3017.798377,3024.941234,3032.166071,3034.046591,3032.888149,3032.491558,3029.521591,3025.169968,3029.198539,3040.82711,3053.046753,3071.440097,3089.014935,3093.210552,3094.743669,3099.330195,3098.031981,3095.785877,3093.385714,3113.943669,3126.989448,3124.764935,3121.945617,3123.598377,3132.313799,3136.391883,3135.959578,3136.890584,3129.277597,3118.081818,3100.946429,3078.756331,3042.718344,2998.586039,2966.57711,2981.808279,3009.770292,3036.896753,3062.284578,3085.731169,3111.704708,3140.05,3167.466071,3178.349675,3176.548214,3176.169643,3191.771266,3205.756656,3219.867208,3215.501786,3208.89789,3200.043669,3201.127922,3235.602273,3327.886039,3369.320617,3306.187338,3250.848864,3263.771916,3264.064286,3189.988799,3094.38539,3024.358766,3056.193831,3087.1125,3127.077273,3169.254058,3144.939773,3069.710714,2985.053247,2872.048701,2731.816396,2600.256981,2544.241396,2484.272565,2406.391396,2319.476786,2280.180032,2329.562662,2368.489448,2337.820455,2306.391396,2286.278896,2262.777922,2229.250325,2174.693344,2080.971266,1992.778571,1964.742045
42,79.899763,37.279169,1.325,0.294,0,0,0,0.0,0.0,0.197183099,1.596510883,3.348271447,96.5072023,202.6930218,309.043854,402.9145327,495.0102433,511.0473752,510.5680218,518.6854994,537.9321383,557.9159731,573.2203905,587.2752881,600.9090909,624.6192382,648.6016325,657.8533931,666.4396607,704.9860755,780.6983035,857.1579706,901.7029449,923.3927657,939.0774648,939.8725992,940.2824904,955.06258,972.4580666,987.8145006,989.846831,992.740557,1014.921095,1039.489597,1056.666133,1057.330986,1058.368758,1071.159251,1089.274968,1105.159411,1118.944142,1131.014085,1148.788572,1167.669654,1172.737836,1174.148367,1205.404449,1273.068182,1341.441101,1386.965589,1429.590429,1464.71719,1470.106434,1475.028649,1484.341229,1508.974872,1533.40701,1555.150448,1577.802817,1608.401569,1645.136684,1682.474872,1700.236556,1713.113636,1732.911972,1769.677337,1802.769526,1815.385083,1827.706306,1849.042574,1889.260563,1929.512004,1934.716229,1936.682458,1943.410531,1973.177337,2003.793534,2044.916453,2089.604513,2114.93854,2113.712868,2113.464629,2132.920775,2153.011844,2174.067222,2203.048816,2234.692382,2263.557458,2292.107554,2296.215109,2290.369398,2283.338508,2298.760243,2318.864917,2336.700864,2356.253841,2381.151889,2423.088028,2466.254481,2445.289853,2398.321543,2388.830666,2379.431018,2380.357554,2434.509283,2489.525128,2545.021127,2562.518246,2572.049936,2592.076024,2628.59347,2664.889885,2678.400288,2690.353393,2722.669174,2771.790173,2821.283611,2854.118438,2866.431978,2872.984315,2874.691581,2876.737836,2957.241677,3080.475832,3120.098111,3106.011684,3096.698464,3095.734955,3085.954225,3010.513124,2932.556498,2914.223111,2955.558259,2997.253041,3046.599872,3095.180058,3070.915973,3043.764565,3019.330186,2899.372119,2768.662132,2699.537772,2705.108035,2711.71927,2650.746319,2351.990717,2399.898848,2545.409731,2610.565301,2564.304097,2517.283131,2487.828745,2566.074264,2645.235595,2614.820102,2545.370839,2487.637484,2487.121959
21,79.900335,37.278181,8.125,1.993,0,0,0,0.0,0.0,35.42237696,136.0167748,236.8460199,386.7203671,540.260959,693.2437094,766.3869283,831.1566704,858.2660231,879.8995094,901.3313815,920.6178193,940.3663554,972.7056496,1011.122646,1047.689508,1074.011711,1100.085298,1124.02263,1148.046526,1213.912486,1307.11774,1399.981801,1435.379332,1449.362716,1462.681595,1475.664979,1489.107612,1496.686343,1504.284697,1515.009337,1536.657541,1557.745371,1577.578414,1598.629688,1613.761671,1622.275835,1631.253363,1656.412882,1685.504194,1714.862636,1742.707865,1772.161734,1781.251622,1788.128501,1794.551828,1802.135306,1843.41937,1915.821332,1986.399747,2019.150657,2050.354961,2082.885108,2118.273303,2153.155879,2181.704067,2191.388353,2208.099066,2238.24545,2268.3116,2294.629846,2319.675423,2344.780187,2360.290552,2375.575566,2393.359551,2415.893654,2438.929103,2464.237538,2489.555784,2505.161418,2513.448489,2523.977528,2550.371894,2576.246716,2600.544706,2618.814686,2639.051274,2650.558474,2663.437411,2674.454028,2685.779237,2697.059345,2704.14037,2713.240703,2725.697737,2752.488368,2778.01899,2791.737775,2801.884317,2810.452762,2819.417629,2828.546289,2840.067574,2849.932901,2851.137997,2852.637759,2859.094002,2873.113942,2887.188479,2873.99636,2854.487577,2823.502611,2793.962494,2781.590125,2801.883684,2822.562906,2842.614812,2871.852034,2903.214591,2940.292293,2982.612913,3023.652002,3056.233265,3090.334388,3102.736984,3108.136414,3113.329166,3123.40671,3135.05159,3148.7373,3163.605317,3176.564646,3229.83241,3287.356386,3295.461782,3297.977053,3308.415256,3323.979427,3303.338661,3222.856306,3143.844596,3168.66213,3220.807406,3243.905048,3190.063934,3149.24007,3147.089413,3144.558949,3110.781295,2970.435987,2826.809147,2795.92752,2797.003323,2797.749486,2680.771008,2447.335813,2523.263649,2602.842697,2631.371103,2635.849502,2640.958854,2642.945719,2639.982592,2631.388511,2519.689983,2405.870549,2341.686976,2341.897769
64,79.899801,37.279974,2.15,0.367,0,0,0,0.0,0.0,0.729545814,4.2821649,8.852191803,108.1335654,227.9128027,348.5893338,437.4294983,517.3669884,553.136414,578.2362716,598.1235955,607.7018516,618.4412091,637.8420636,664.7711663,689.5057762,705.8732394,722.303529,743.9414464,763.8639025,813.3600253,888.2788416,964.5253996,999.3750593,1009.970565,1020.592974,1027.259535,1035.210476,1038.55436,1042.541383,1049.770375,1068.222662,1085.320462,1096.803925,1106.702801,1117.891122,1130.373952,1143.105396,1156.041779,1168.829562,1186.653743,1213.522235,1240.360342,1251.238329,1258.022947,1264.321728,1268.972939,1297.487102,1362.63048,1428.726064,1467.938281,1503.25906,1538.752492,1570.873081,1602.391676,1629.112676,1629.887957,1632.948093,1654.745213,1676.721475,1703.398323,1733.329324,1763.506409,1788.545656,1814.661655,1836.408134,1849.482355,1866.244342,1898.187846,1931.094319,1959.955847,1987.868175,2016.708182,2040.989872,2065.27805,2091.686976,2127.898876,2164.199873,2183.772116,2202.151765,2223.559107,2247.233898,2263.39579,2254.15398,2244.319196,2241.146542,2276.95379,2312.786517,2329.120589,2326.941605,2332.956955,2344.667827,2354.742523,2371.395157,2388.575408,2424.11236,2465.810888,2497.391676,2490.191803,2483.747745,2479.925305,2476.70106,2454.923564,2432.75455,2420.238962,2469.393733,2520.61054,2570.336287,2611.444691,2650.208736,2674.082292,2677.580313,2680.873239,2715.688084,2752.752967,2775.097959,2785.504352,2795.355278,2831.032917,2888.004906,2913.263966,2918.314607,2920.321728,3017.06251,3152.412249,3155.713088,3106.927995,3098.340877,3132.885741,3143.885108,3072.258427,2998.030226,2969.056971,2971.305903,2981.309068,3051.218705,3109.344833,3055.080551,2998.757557,2943.563539,2827.758506,2707.808831,2641.433296,2618.667827,2598.55167,2510.088147,2233.287545,2284.625099,2407.989714,2457.743472,2418.213958,2378.01725,2355.463364,2417.840006,2487.648046,2445.198133,2365.610698,2296.256686,2294.279158
14,79.90064,37.277814,10.2,2.37,0,0,0,0.0,0.0,7.387323944,38.24247759,66.52080666,207.8791613,367.7474392,527.3822023,620.3609155,699.4284571,725.1309219,737.6888604,752.5396927,767.5208067,782.9964789,801.140525,823.3758003,844.9639885,862.1478873,879.246959,885.8015365,892.9271767,932.5745839,1014.316741,1096.633643,1143.28089,1159.515845,1170.897247,1167.126921,1163.617638,1178.918534,1197.068182,1211.68854,1215.334027,1219.215749,1228.018726,1240.03265,1250.079065,1261.06226,1270.59283,1295.068342,1322.774328,1338.725032,1339.090269,1338.972791,1356.378841,1378.154609,1381.213668,1384.135403,1405.757843,1459.506722,1515.887004,1543.990877,1567.795935,1589.396447,1606.372439,1623.501921,1644.162452,1678.431018,1705.070102,1709.850512,1713.646127,1727.775928,1747.840429,1767.7492,1790.424136,1813.495999,1834.53137,1855.178457,1873.807778,1870.229193,1866.907971,1880.486236,1920.534891,1960.385403,1957.020166,1955.15621,1959.59507,1976.418374,1992.939341,2019.110915,2046.03009,2049.911332,2030.611236,2018.685499,2036.454706,2054.128681,2072.337548,2097.71975,2124.304577,2127.696863,2108.548175,2111.836268,2121.75096,2133.198464,2148.419334,2163.485115,2163.818182,2163.912772,2162.557458,2161.305058,2162.103873,2154.784251,2143.768726,2113.425896,2079.224072,2056.213508,2084.977753,2113.34283,2143.331466,2169.900928,2194.934539,2225.910051,2263.625,2299.378201,2318.866837,2337.403329,2352.691741,2365.808739,2377.850832,2402.328905,2435.011204,2455.783771,2467.349072,2477.744718,2506.414693,2547.141485,2560.091549,2560.110915,2564.859635,2573.181978,2572.163732,2499.25048,2420.011204,2399.377401,2425.803457,2454.525608,2493.503041,2528.058579,2498.544334,2469.836428,2439.741677,2279.87596,2114.96959,2003.855154,1945.778969,1886.221831,1842.59523,1830.118118,1834.169174,1838.926697,1830.473431,1814.634283,1803.052017,1794.925576,1782.8129,1774.997279,1667.895807,1541.572183,1447.350352,1444.303297
55,79.901266,37.278875,3.475,0.601,0,0,0,0.0,0.0,2.159677164,4.897135623,13.38914385,105.7759139,226.2402279,344.5135306,415.8172179,469.424276,513.9181833,555.1221712,589.8971356,608.9417629,627.8732394,645.8721317,661.0033233,675.8518753,704.2263016,733.4594081,754.837949,775.8787783,819.2365881,901.4277576,980.4734926,1026.044469,1031.65485,1038.162367,1047.487261,1057.402437,1070.308593,1084.337395,1097.909321,1109.074062,1120.273144,1131.748853,1141.473018,1152.452129,1176.429498,1200.97009,1220.605476,1235.58696,1251.294034,1264.536952,1278.31065,1291.772116,1305.620826,1317.577781,1330.137205,1353.373002,1401.151765,1445.720684,1484.65944,1521.887957,1556.745846,1578.012818,1597.60595,1617.344991,1641.98639,1667.669251,1689.056813,1709.626681,1727.141795,1739.241652,1750.1304,1771.981801,1802.656749,1833.26175,1847.290711,1861.338186,1883.541225,1907.072322,1928.979585,1956.489001,1985.57699,2012.151132,2039.00902,2065.483304,2084.78984,2101.687767,2111.119481,2110.299414,2111.572559,2123.795379,2134.567337,2137.290711,2138.69932,2142.777022,2176.94746,2218.033075,2249.568444,2240.70106,2242.48457,2262.324102,2281.727014,2292.180567,2292.980693,2304.250198,2325.211426,2349.052856,2357.998576,2363.287387,2360.927995,2350.699636,2334.272511,2316.62684,2307.336762,2335.265865,2369.354645,2401.95474,2429.735085,2455.909479,2481.354961,2500.762462,2518.680329,2541.040038,2565.530938,2589.280741,2612.17297,2634.896819,2657.932584,2679.71562,2695.151606,2699.648046,2711.379649,2747.856939,2819.689508,2851.560057,2807.862478,2770.735876,2785.71736,2789.925779,2735.817218,2667.145751,2617.433455,2647.26634,2675.6232,2717.758664,2764.237221,2765.381389,2741.224561,2710.459566,2640.009179,2534.322994,2438.577623,2409.513372,2376.878145,2335.076278,2166.019307,2086.221871,2179.473651,2261.772749,2225.178193,2190.559266,2160.409084,2183.906473,2215.902516,2222.793796,2203.683652,2189.765469,2187.888432
